id,danceName,artist,danceType,aliases_pipe,styleTags_pipe,sceneTags_pipe,outfitKeywords_pipe,avoidKeywords_pipe,stageOutfitProfiles,stageOutfitSummary,reviewNotes
who-is-she,Who Is She,KISS OF LIFE,女团,who is she|WhoIsShe|whoisshe|who she|kiss of life who is she,性感|妈咪|辣妹,练舞房|舞台|日常,修身短上衣|黑色|皮裙|低腰|金属腰链|高跟感,蝴蝶结|学院|百褶裙|甜美|元气,,性感小妈风和成熟自信感更强，适合修身短上衣、黑色皮裙或低腰下装、金属腰链等利落配饰；避免蝴蝶结、学院百褶裙这类过甜元素。,
super-shy,Super Shy,NewJeans,K-pop,supershy|super shy|超级害羞|super shy newjeans,元气|运动|学院,练舞房|户外|日常,运动背心|工装短裤|棒球帽|清爽,,,清爽运动感是重点，适合短款背心、宽松短裤、球鞋和帽子，跳起来要轻快不束缚。,
magnetic,Magnetic,ILLIT,女团,magnetic|磁场|illit magnetic|마그네틱,甜酷|元气|Y2K,练舞房|舞台|日常,针织|短裙|发夹|甜酷,,,甜甜的吸引力加一点复古 Y2K，适合软糯上衣、短裙、发夹和浅色运动鞋。,
drama,Drama,aespa,K-pop,drama|aespa drama|drama aespa|戏剧,红黑|强势|暗黑|辣妹|未来感,舞台|MV|夜景|练舞房,红色|红黑配色|皮革|短款上衣|绑带|金属|短裙|长靴|锐利线条,可爱|甜美|学院|蝴蝶结|浅色小清新,红黑经典打歌服 / MV 主视觉:红黑|强势|辣妹|暗黑:红色|红黑配色|短款上衣|皮革|绑带|短裙|长靴 || 银黑未来机能舞台:未来感|清冷|暗黑:银色|金属|机能|修身|短靴 || 黑色皮革练舞 / 路演平替:暗黑|辣妹|运动:黑色|皮革|工装|短靴|方便大动作,《Drama》不要只概括成金属感；更核心的是红黑强势打歌服、皮革/绑带/短裙/长靴形成的压迫感。推荐先还原红色经典舞台与 MV 里的红黑主视觉，再把银黑机能和黑色皮革舞台作为延展风格。,
whiplash,Whiplash,aespa,Urban,whiplash|aespa whiplash|甩鞭|whip lash,清冷|辣妹|暗黑,夜景|舞台|路演,银色|紧身|墨镜|机能,,,冷调未来感和身体线条是重点，适合银色点缀、紧身短上衣、机能下装和酷感配饰。,
hype-boy,Hype Boy,NewJeans,K-pop,hypeboy|hype boy|海普男孩|newjeans hype boy,运动|Y2K|元气,户外|练舞房|路演,卫衣|牛仔|球鞋|棒球帽,,,校园街头和轻复古气质很适合，宽松上衣、牛仔下装、球鞋会让动作更自然。,
kill-this-love,Kill This Love,BLACKPINK,Jazz,kill this love|killthislove|blackpink kill this love|杀死这份爱,辣妹|暗黑|甜酷,舞台|夜景|路演,军装|短靴|腰带|皮裙,,,气场要足，适合利落短上衣、腰带、皮裙或工装元素，整体强调力量和比例。,
like-jennie,Like Jennie,Jennie,路演,like jennie|likejennie|jennie like jennie|像Jennie,辣妹|清冷|Y2K,路演|夜景|日常,吊带|低腰|墨镜|短裙,,,松弛但很会拍，适合短吊带、低腰下装、墨镜和一点亮面材质，突出自信和镜头感。,
gg-001,Black Mamba,aespa,女团,black mamba|aespa black mamba|blackmamba,未来感|力量|暗黑,练舞房|舞台|日常,皮革|金属|短靴,,,aespa《Black Mamba》偏未来感与力量，建议选择便于发力且有舞台层次感的女团搭配。,
gg-002,Next Level,aespa,女团,next level|aespa next level|nextlevel,未来感|力量|暗黑,练舞房|舞台|日常,皮革|金属|短靴,,,aespa《Next Level》偏未来感与力量，建议选择便于发力且有舞台层次感的女团搭配。,
gg-003,Savage,aespa,女团,savage|aespa savage|savage,未来感|力量|暗黑,练舞房|舞台|日常,皮革|金属|短靴,,,aespa《Savage》偏未来感与力量，建议选择便于发力且有舞台层次感的女团搭配。,
gg-004,Dreams Come True,aespa,女团,dreams come true|aespa dreams come true|dreamscometrue,未来感|力量|暗黑,练舞房|舞台|日常,皮革|金属|短靴,,,aespa《Dreams Come True》偏未来感与力量，建议选择便于发力且有舞台层次感的女团搭配。,
gg-005,Girls,aespa,女团,girls|aespa girls|girls,未来感|力量|暗黑,练舞房|舞台|日常,皮革|金属|短靴,,,aespa《Girls》偏未来感与力量，建议选择便于发力且有舞台层次感的女团搭配。,
gg-006,Illusion,aespa,女团,illusion|aespa illusion|illusion,未来感|力量|暗黑,练舞房|舞台|日常,皮革|金属|短靴,,,aespa《Illusion》偏未来感与力量，建议选择便于发力且有舞台层次感的女团搭配。,
gg-007,Spicy,aespa,女团,spicy|aespa spicy|spicy,未来感|力量|暗黑,练舞房|舞台|日常,皮革|金属|短靴,,,aespa《Spicy》偏未来感与力量，建议选择便于发力且有舞台层次感的女团搭配。,
gg-008,Thirsty,aespa,女团,thirsty|aespa thirsty|thirsty,未来感|力量|暗黑,练舞房|舞台|日常,皮革|金属|短靴,,,aespa《Thirsty》偏未来感与力量，建议选择便于发力且有舞台层次感的女团搭配。,
gg-009,Better Things,aespa,女团,better things|aespa better things|betterthings,未来感|力量|暗黑,练舞房|舞台|日常,皮革|金属|短靴,,,aespa《Better Things》偏未来感与力量，建议选择便于发力且有舞台层次感的女团搭配。,
gg-010,Drama,aespa,女团,drama|aespa drama|drama,未来感|力量|暗黑,练舞房|舞台|日常,皮革|金属|短靴,,,aespa《Drama》偏未来感与力量，建议选择便于发力且有舞台层次感的女团搭配。,
gg-011,Trick or Trick,aespa,女团,trick or trick|aespa trick or trick|trickortrick,未来感|力量|暗黑,练舞房|舞台|日常,皮革|金属|短靴,,,aespa《Trick or Trick》偏未来感与力量，建议选择便于发力且有舞台层次感的女团搭配。,
gg-012,Supernova,aespa,女团,supernova|aespa supernova|supernova,未来感|力量|暗黑,练舞房|舞台|日常,皮革|金属|短靴,,,aespa《Supernova》偏未来感与力量，建议选择便于发力且有舞台层次感的女团搭配。,
gg-013,Armageddon,aespa,女团,armageddon|aespa armageddon|armageddon,未来感|力量|暗黑,练舞房|舞台|日常,皮革|金属|短靴,,,aespa《Armageddon》偏未来感与力量，建议选择便于发力且有舞台层次感的女团搭配。,
gg-014,Whiplash,aespa,女团,whiplash|aespa whiplash|whiplash,未来感|力量|暗黑,练舞房|舞台|日常,皮革|金属|短靴,,,aespa《Whiplash》偏未来感与力量，建议选择便于发力且有舞台层次感的女团搭配。,
gg-015,Live My Life,aespa,女团,live my life|aespa live my life|livemylife,未来感|力量|暗黑,练舞房|舞台|日常,皮革|金属|短靴,,,aespa《Live My Life》偏未来感与力量，建议选择便于发力且有舞台层次感的女团搭配。,
gg-016,Hot Mess,aespa,女团,hot mess|aespa hot mess|hotmess,未来感|力量|暗黑,练舞房|舞台|日常,皮革|金属|短靴,,,aespa《Hot Mess》偏未来感与力量，建议选择便于发力且有舞台层次感的女团搭配。,
gg-017,Forever,aespa,女团,forever|aespa forever|forever,未来感|力量|暗黑,练舞房|舞台|日常,皮革|金属|短靴,,,aespa《Forever》偏未来感与力量，建议选择便于发力且有舞台层次感的女团搭配。,
gg-018,Shhh,KISS OF LIFE,女团,shhh|kiss of life shhh|shhh,性感|R&B|辣妹,练舞房|舞台|日常,修身|短上衣|高跟感,,,KISS OF LIFE《Shhh》偏性感与R&B，建议选择便于发力且有舞台层次感的女团搭配。,
gg-019,Bad News,KISS OF LIFE,女团,bad news|kiss of life bad news|badnews,性感|R&B|辣妹,练舞房|舞台|日常,修身|短上衣|高跟感,,,KISS OF LIFE《Bad News》偏性感与R&B，建议选择便于发力且有舞台层次感的女团搭配。,
gg-020,Nobody Knows,KISS OF LIFE,女团,nobody knows|kiss of life nobody knows|nobodyknows,性感|R&B|辣妹,练舞房|舞台|日常,修身|短上衣|高跟感,,,KISS OF LIFE《Nobody Knows》偏性感与R&B，建议选择便于发力且有舞台层次感的女团搭配。,
gg-021,Midas Touch,KISS OF LIFE,女团,midas touch|kiss of life midas touch|midastouch,性感|R&B|辣妹,练舞房|舞台|日常,修身|短上衣|高跟感,,,KISS OF LIFE《Midas Touch》偏性感与R&B，建议选择便于发力且有舞台层次感的女团搭配。,
gg-022,Sticky,KISS OF LIFE,女团,sticky|kiss of life sticky|sticky,性感|R&B|辣妹,练舞房|舞台|日常,修身|短上衣|高跟感,,,KISS OF LIFE《Sticky》偏性感与R&B，建议选择便于发力且有舞台层次感的女团搭配。,
gg-023,TTG,KISS OF LIFE,女团,ttg|kiss of life ttg|ttg,性感|R&B|辣妹,练舞房|舞台|日常,修身|短上衣|高跟感,,,KISS OF LIFE《TTG》偏性感与R&B，建议选择便于发力且有舞台层次感的女团搭配。,
gg-024,Get Loud,KISS OF LIFE,女团,get loud|kiss of life get loud|getloud,性感|R&B|辣妹,练舞房|舞台|日常,修身|短上衣|高跟感,,,KISS OF LIFE《Get Loud》偏性感与R&B，建议选择便于发力且有舞台层次感的女团搭配。,
gg-025,Igloo,KISS OF LIFE,女团,igloo|kiss of life igloo|igloo,性感|R&B|辣妹,练舞房|舞台|日常,修身|短上衣|高跟感,,,KISS OF LIFE《Igloo》偏性感与R&B，建议选择便于发力且有舞台层次感的女团搭配。,
gg-026,R.E.M,KISS OF LIFE,女团,r.e.m|kiss of life r.e.m|r.e.m,性感|R&B|辣妹,练舞房|舞台|日常,修身|短上衣|高跟感,,,KISS OF LIFE《R.E.M》偏性感与R&B，建议选择便于发力且有舞台层次感的女团搭配。,
gg-027,Chemistry,KISS OF LIFE,女团,chemistry|kiss of life chemistry|chemistry,性感|R&B|辣妹,练舞房|舞台|日常,修身|短上衣|高跟感,,,KISS OF LIFE《Chemistry》偏性感与R&B，建议选择便于发力且有舞台层次感的女团搭配。,
gg-028,Bye My Neverland,KISS OF LIFE,女团,bye my neverland|kiss of life bye my neverland|byemyneverland,性感|R&B|辣妹,练舞房|舞台|日常,修身|短上衣|高跟感,,,KISS OF LIFE《Bye My Neverland》偏性感与R&B，建议选择便于发力且有舞台层次感的女团搭配。,
gg-029,Sugarcoat (NATTY Solo),KISS OF LIFE,女团,sugarcoat (natty solo)|kiss of life sugarcoat (natty solo)|sugarcoat(nattysolo),性感|R&B|辣妹,练舞房|舞台|日常,修身|短上衣|高跟感,,,KISS OF LIFE《Sugarcoat (NATTY Solo)》偏性感与R&B，建议选择便于发力且有舞台层次感的女团搭配。,
gg-030,Countdown (Belle Solo),KISS OF LIFE,女团,countdown (belle solo)|kiss of life countdown (belle solo)|countdown(bellesolo),性感|R&B|辣妹,练舞房|舞台|日常,修身|短上衣|高跟感,,,KISS OF LIFE《Countdown (Belle Solo)》偏性感与R&B，建议选择便于发力且有舞台层次感的女团搭配。,
gg-031,Kitty Cat (Julie Solo),KISS OF LIFE,女团,kitty cat (julie solo)|kiss of life kitty cat (julie solo)|kittycat(juliesolo),性感|R&B|辣妹,练舞房|舞台|日常,修身|短上衣|高跟感,,,KISS OF LIFE《Kitty Cat (Julie Solo)》偏性感与R&B，建议选择便于发力且有舞台层次感的女团搭配。,
gg-032,Play Love Games (Haneul Solo),KISS OF LIFE,女团,play love games (haneul solo)|kiss of life play love games (haneul solo)|playlovegames(haneulsolo),性感|R&B|辣妹,练舞房|舞台|日常,修身|短上衣|高跟感,,,KISS OF LIFE《Play Love Games (Haneul Solo)》偏性感与R&B，建议选择便于发力且有舞台层次感的女团搭配。,
gg-033,Attention,NewJeans,女团,attention|newjeans attention|attention,清新|Y2K|元气,练舞房|舞台|日常,运动鞋|宽松裤|发夹,,,NewJeans《Attention》偏清新与Y2K，建议选择便于发力且有舞台层次感的女团搭配。,
gg-034,Hype Boy,NewJeans,女团,hype boy|newjeans hype boy|hypeboy,清新|Y2K|元气,练舞房|舞台|日常,运动鞋|宽松裤|发夹,,,NewJeans《Hype Boy》偏清新与Y2K，建议选择便于发力且有舞台层次感的女团搭配。,
gg-035,Cookie,NewJeans,女团,cookie|newjeans cookie|cookie,清新|Y2K|元气,练舞房|舞台|日常,运动鞋|宽松裤|发夹,,,NewJeans《Cookie》偏清新与Y2K，建议选择便于发力且有舞台层次感的女团搭配。,
gg-036,Hurt,NewJeans,女团,hurt|newjeans hurt|hurt,清新|Y2K|元气,练舞房|舞台|日常,运动鞋|宽松裤|发夹,,,NewJeans《Hurt》偏清新与Y2K，建议选择便于发力且有舞台层次感的女团搭配。,
gg-037,Ditto,NewJeans,女团,ditto|newjeans ditto|ditto,清新|Y2K|元气,练舞房|舞台|日常,运动鞋|宽松裤|发夹,,,NewJeans《Ditto》偏清新与Y2K，建议选择便于发力且有舞台层次感的女团搭配。,
gg-038,OMG,NewJeans,女团,omg|newjeans omg|omg,清新|Y2K|元气,练舞房|舞台|日常,运动鞋|宽松裤|发夹,,,NewJeans《OMG》偏清新与Y2K，建议选择便于发力且有舞台层次感的女团搭配。,
gg-039,Zero,NewJeans,女团,zero|newjeans zero|zero,清新|Y2K|元气,练舞房|舞台|日常,运动鞋|宽松裤|发夹,,,NewJeans《Zero》偏清新与Y2K，建议选择便于发力且有舞台层次感的女团搭配。,
gg-040,Super Shy,NewJeans,女团,super shy|newjeans super shy|supershy,清新|Y2K|元气,练舞房|舞台|日常,运动鞋|宽松裤|发夹,,,NewJeans《Super Shy》偏清新与Y2K，建议选择便于发力且有舞台层次感的女团搭配。,
gg-041,ETA,NewJeans,女团,eta|newjeans eta|eta,清新|Y2K|元气,练舞房|舞台|日常,运动鞋|宽松裤|发夹,,,NewJeans《ETA》偏清新与Y2K，建议选择便于发力且有舞台层次感的女团搭配。,
gg-042,Cool With You,NewJeans,女团,cool with you|newjeans cool with you|coolwithyou,清新|Y2K|元气,练舞房|舞台|日常,运动鞋|宽松裤|发夹,,,NewJeans《Cool With You》偏清新与Y2K，建议选择便于发力且有舞台层次感的女团搭配。,
gg-043,New Jeans,NewJeans,女团,new jeans|newjeans new jeans|newjeans,清新|Y2K|元气,练舞房|舞台|日常,运动鞋|宽松裤|发夹,,,NewJeans《New Jeans》偏清新与Y2K，建议选择便于发力且有舞台层次感的女团搭配。,
gg-044,ASAP,NewJeans,女团,asap|newjeans asap|asap,清新|Y2K|元气,练舞房|舞台|日常,运动鞋|宽松裤|发夹,,,NewJeans《ASAP》偏清新与Y2K，建议选择便于发力且有舞台层次感的女团搭配。,
gg-045,How Sweet,NewJeans,女团,how sweet|newjeans how sweet|howsweet,清新|Y2K|元气,练舞房|舞台|日常,运动鞋|宽松裤|发夹,,,NewJeans《How Sweet》偏清新与Y2K，建议选择便于发力且有舞台层次感的女团搭配。,
gg-046,Bubble Gum,NewJeans,女团,bubble gum|newjeans bubble gum|bubblegum,清新|Y2K|元气,练舞房|舞台|日常,运动鞋|宽松裤|发夹,,,NewJeans《Bubble Gum》偏清新与Y2K，建议选择便于发力且有舞台层次感的女团搭配。,
gg-047,Right Now,NewJeans,女团,right now|newjeans right now|rightnow,清新|Y2K|元气,练舞房|舞台|日常,运动鞋|宽松裤|发夹,,,NewJeans《Right Now》偏清新与Y2K，建议选择便于发力且有舞台层次感的女团搭配。,
gg-048,Supernatural,NewJeans,女团,supernatural|newjeans supernatural|supernatural,清新|Y2K|元气,练舞房|舞台|日常,运动鞋|宽松裤|发夹,,,NewJeans《Supernatural》偏清新与Y2K，建议选择便于发力且有舞台层次感的女团搭配。,
gg-049,ELEVEN,IVE,女团,eleven|ive eleven|eleven,华丽|自信|甜辣,练舞房|舞台|日常,短上衣|短裙|亮面配饰,,,IVE《ELEVEN》偏华丽与自信，建议选择便于发力且有舞台层次感的女团搭配。,
gg-050,LOVE DIVE,IVE,女团,love dive|ive love dive|lovedive,华丽|自信|甜辣,练舞房|舞台|日常,短上衣|短裙|亮面配饰,,,IVE《LOVE DIVE》偏华丽与自信，建议选择便于发力且有舞台层次感的女团搭配。,
gg-051,After LIKE,IVE,女团,after like|ive after like|afterlike,华丽|自信|甜辣,练舞房|舞台|日常,短上衣|短裙|亮面配饰,,,IVE《After LIKE》偏华丽与自信，建议选择便于发力且有舞台层次感的女团搭配。,
gg-052,Kitsch,IVE,女团,kitsch|ive kitsch|kitsch,华丽|自信|甜辣,练舞房|舞台|日常,短上衣|短裙|亮面配饰,,,IVE《Kitsch》偏华丽与自信，建议选择便于发力且有舞台层次感的女团搭配。,
gg-053,I AM,IVE,女团,i am|ive i am|iam,华丽|自信|甜辣,练舞房|舞台|日常,短上衣|短裙|亮面配饰,,,IVE《I AM》偏华丽与自信，建议选择便于发力且有舞台层次感的女团搭配。,
gg-054,Baddie,IVE,女团,baddie|ive baddie|baddie,华丽|自信|甜辣,练舞房|舞台|日常,短上衣|短裙|亮面配饰,,,IVE《Baddie》偏华丽与自信，建议选择便于发力且有舞台层次感的女团搭配。,
gg-055,Either Way,IVE,女团,either way|ive either way|eitherway,华丽|自信|甜辣,练舞房|舞台|日常,短上衣|短裙|亮面配饰,,,IVE《Either Way》偏华丽与自信，建议选择便于发力且有舞台层次感的女团搭配。,
gg-056,Off The Record,IVE,女团,off the record|ive off the record|offtherecord,华丽|自信|甜辣,练舞房|舞台|日常,短上衣|短裙|亮面配饰,,,IVE《Off The Record》偏华丽与自信，建议选择便于发力且有舞台层次感的女团搭配。,
gg-057,HEYA,IVE,女团,heya|ive heya|heya,华丽|自信|甜辣,练舞房|舞台|日常,短上衣|短裙|亮面配饰,,,IVE《HEYA》偏华丽与自信，建议选择便于发力且有舞台层次感的女团搭配。,
gg-058,Accendio,IVE,女团,accendio|ive accendio|accendio,华丽|自信|甜辣,练舞房|舞台|日常,短上衣|短裙|亮面配饰,,,IVE《Accendio》偏华丽与自信，建议选择便于发力且有舞台层次感的女团搭配。,
gg-059,Blue Blood,IVE,女团,blue blood|ive blue blood|blueblood,华丽|自信|甜辣,练舞房|舞台|日常,短上衣|短裙|亮面配饰,,,IVE《Blue Blood》偏华丽与自信，建议选择便于发力且有舞台层次感的女团搭配。,
gg-060,Royal,IVE,女团,royal|ive royal|royal,华丽|自信|甜辣,练舞房|舞台|日常,短上衣|短裙|亮面配饰,,,IVE《Royal》偏华丽与自信，建议选择便于发力且有舞台层次感的女团搭配。,
gg-061,Love me like this (IVE),IVE,女团,love me like this (ive)|ive love me like this (ive)|lovemelikethis(ive),华丽|自信|甜辣,练舞房|舞台|日常,短上衣|短裙|亮面配饰,,,IVE《Love me like this (IVE)》偏华丽与自信，建议选择便于发力且有舞台层次感的女团搭配。,
gg-062,Not Your Girl,IVE,女团,not your girl|ive not your girl|notyourgirl,华丽|自信|甜辣,练舞房|舞台|日常,短上衣|短裙|亮面配饰,,,IVE《Not Your Girl》偏华丽与自信，建议选择便于发力且有舞台层次感的女团搭配。,
gg-063,Mine,IVE,女团,mine|ive mine|mine,华丽|自信|甜辣,练舞房|舞台|日常,短上衣|短裙|亮面配饰,,,IVE《Mine》偏华丽与自信，建议选择便于发力且有舞台层次感的女团搭配。,
gg-064,Cherish,IVE,女团,cherish|ive cherish|cherish,华丽|自信|甜辣,练舞房|舞台|日常,短上衣|短裙|亮面配饰,,,IVE《Cherish》偏华丽与自信，建议选择便于发力且有舞台层次感的女团搭配。,
gg-065,Dalla Dalla,ITZY,女团,dalla dalla|itzy dalla dalla|dalladalla,Girl Crush|力量|运动,练舞房|舞台|日常,工装|运动鞋|机能风,,,ITZY《Dalla Dalla》偏Girl Crush与力量，建议选择便于发力且有舞台层次感的女团搭配。,
gg-066,ICY,ITZY,女团,icy|itzy icy|icy,Girl Crush|力量|运动,练舞房|舞台|日常,工装|运动鞋|机能风,,,ITZY《ICY》偏Girl Crush与力量，建议选择便于发力且有舞台层次感的女团搭配。,
gg-067,Wannabe,ITZY,女团,wannabe|itzy wannabe|wannabe,Girl Crush|力量|运动,练舞房|舞台|日常,工装|运动鞋|机能风,,,ITZY《Wannabe》偏Girl Crush与力量，建议选择便于发力且有舞台层次感的女团搭配。,
gg-068,Not Shy,ITZY,女团,not shy|itzy not shy|notshy,Girl Crush|力量|运动,练舞房|舞台|日常,工装|运动鞋|机能风,,,ITZY《Not Shy》偏Girl Crush与力量，建议选择便于发力且有舞台层次感的女团搭配。,
gg-069,Mafia In the Morning,ITZY,女团,mafia in the morning|itzy mafia in the morning|mafiainthemorning,Girl Crush|力量|运动,练舞房|舞台|日常,工装|运动鞋|机能风,,,ITZY《Mafia In the Morning》偏Girl Crush与力量，建议选择便于发力且有舞台层次感的女团搭配。,
gg-070,Loco,ITZY,女团,loco|itzy loco|loco,Girl Crush|力量|运动,练舞房|舞台|日常,工装|运动鞋|机能风,,,ITZY《Loco》偏Girl Crush与力量，建议选择便于发力且有舞台层次感的女团搭配。,
gg-071,Sneakers,ITZY,女团,sneakers|itzy sneakers|sneakers,Girl Crush|力量|运动,练舞房|舞台|日常,工装|运动鞋|机能风,,,ITZY《Sneakers》偏Girl Crush与力量，建议选择便于发力且有舞台层次感的女团搭配。,
gg-072,Cheshire,ITZY,女团,cheshire|itzy cheshire|cheshire,Girl Crush|力量|运动,练舞房|舞台|日常,工装|运动鞋|机能风,,,ITZY《Cheshire》偏Girl Crush与力量，建议选择便于发力且有舞台层次感的女团搭配。,
gg-073,Cake,ITZY,女团,cake|itzy cake|cake,Girl Crush|力量|运动,练舞房|舞台|日常,工装|运动鞋|机能风,,,ITZY《Cake》偏Girl Crush与力量，建议选择便于发力且有舞台层次感的女团搭配。,
gg-074,Untouchable,ITZY,女团,untouchable|itzy untouchable|untouchable,Girl Crush|力量|运动,练舞房|舞台|日常,工装|运动鞋|机能风,,,ITZY《Untouchable》偏Girl Crush与力量，建议选择便于发力且有舞台层次感的女团搭配。,
gg-075,Mr. Vampire,ITZY,女团,mr. vampire|itzy mr. vampire|mr.vampire,Girl Crush|力量|运动,练舞房|舞台|日常,工装|运动鞋|机能风,,,ITZY《Mr. Vampire》偏Girl Crush与力量，建议选择便于发力且有舞台层次感的女团搭配。,
gg-076,Born to Be,ITZY,女团,born to be|itzy born to be|borntobe,Girl Crush|力量|运动,练舞房|舞台|日常,工装|运动鞋|机能风,,,ITZY《Born to Be》偏Girl Crush与力量，建议选择便于发力且有舞台层次感的女团搭配。,
gg-077,Ringo,ITZY,女团,ringo|itzy ringo|ringo,Girl Crush|力量|运动,练舞房|舞台|日常,工装|运动鞋|机能风,,,ITZY《Ringo》偏Girl Crush与力量，建议选择便于发力且有舞台层次感的女团搭配。,
gg-078,Voltage,ITZY,女团,voltage|itzy voltage|voltage,Girl Crush|力量|运动,练舞房|舞台|日常,工装|运动鞋|机能风,,,ITZY《Voltage》偏Girl Crush与力量，建议选择便于发力且有舞台层次感的女团搭配。,
gg-079,Swipe,ITZY,女团,swipe|itzy swipe|swipe,Girl Crush|力量|运动,练舞房|舞台|日常,工装|运动鞋|机能风,,,ITZY《Swipe》偏Girl Crush与力量，建议选择便于发力且有舞台层次感的女团搭配。,
gg-080,None of My Business,ITZY,女团,none of my business|itzy none of my business|noneofmybusiness,Girl Crush|力量|运动,练舞房|舞台|日常,工装|运动鞋|机能风,,,ITZY《None of My Business》偏Girl Crush与力量，建议选择便于发力且有舞台层次感的女团搭配。,
gg-081,Magnetic,ILLIT,女团,magnetic|illit magnetic|magnetic,甜美|元气|梦幻,练舞房|舞台|日常,针织|百褶裙|蝴蝶结,,,ILLIT《Magnetic》偏甜美与元气，建议选择便于发力且有舞台层次感的女团搭配。,
gg-082,Lucky Girl Syndrome,ILLIT,女团,lucky girl syndrome|illit lucky girl syndrome|luckygirlsyndrome,甜美|元气|梦幻,练舞房|舞台|日常,针织|百褶裙|蝴蝶结,,,ILLIT《Lucky Girl Syndrome》偏甜美与元气，建议选择便于发力且有舞台层次感的女团搭配。,
gg-083,Midnight Fiction,ILLIT,女团,midnight fiction|illit midnight fiction|midnightfiction,甜美|元气|梦幻,练舞房|舞台|日常,针织|百褶裙|蝴蝶结,,,ILLIT《Midnight Fiction》偏甜美与元气，建议选择便于发力且有舞台层次感的女团搭配。,
gg-084,My World,ILLIT,女团,my world|illit my world|myworld,甜美|元气|梦幻,练舞房|舞台|日常,针织|百褶裙|蝴蝶结,,,ILLIT《My World》偏甜美与元气，建议选择便于发力且有舞台层次感的女团搭配。,
gg-085,Tick-Tack,ILLIT,女团,tick-tack|illit tick-tack|tick-tack,甜美|元气|梦幻,练舞房|舞台|日常,针织|百褶裙|蝴蝶结,,,ILLIT《Tick-Tack》偏甜美与元气，建议选择便于发力且有舞台层次感的女团搭配。,
gg-086,Cherish (My Love),ILLIT,女团,cherish (my love)|illit cherish (my love)|cherish(mylove),甜美|元气|梦幻,练舞房|舞台|日常,针织|百褶裙|蝴蝶结,,,ILLIT《Cherish (My Love)》偏甜美与元气，建议选择便于发力且有舞台层次感的女团搭配。,
gg-087,IYKYK,ILLIT,女团,iykyk|illit iykyk|iykyk,甜美|元气|梦幻,练舞房|舞台|日常,针织|百褶裙|蝴蝶结,,,ILLIT《IYKYK》偏甜美与元气，建议选择便于发力且有舞台层次感的女团搭配。,
gg-088,Pimple,ILLIT,女团,pimple|illit pimple|pimple,甜美|元气|梦幻,练舞房|舞台|日常,针织|百褶裙|蝴蝶结,,,ILLIT《Pimple》偏甜美与元气，建议选择便于发力且有舞台层次感的女团搭配。,
gg-089,I’ll Like You,ILLIT,女团,i’ll like you|illit i’ll like you|i’lllikeyou,甜美|元气|梦幻,练舞房|舞台|日常,针织|百褶裙|蝴蝶结,,,ILLIT《I’ll Like You》偏甜美与元气，建议选择便于发力且有舞台层次感的女团搭配。,
gg-090,Almond Chocolate,ILLIT,女团,almond chocolate|illit almond chocolate|almondchocolate,甜美|元气|梦幻,练舞房|舞台|日常,针织|百褶裙|蝴蝶结,,,ILLIT《Almond Chocolate》偏甜美与元气，建议选择便于发力且有舞台层次感的女团搭配。,
gg-091,Do the Dance,ILLIT,女团,do the dance|illit do the dance|dothedance,甜美|元气|梦幻,练舞房|舞台|日常,针织|百褶裙|蝴蝶结,,,ILLIT《Do the Dance》偏甜美与元气，建议选择便于发力且有舞台层次感的女团搭配。,
gg-092,Little Monster,ILLIT,女团,little monster|illit little monster|littlemonster,甜美|元气|梦幻,练舞房|舞台|日常,针织|百褶裙|蝴蝶结,,,ILLIT《Little Monster》偏甜美与元气，建议选择便于发力且有舞台层次感的女团搭配。,
gg-093,Jellyous,ILLIT,女团,jellyous|illit jellyous|jellyous,甜美|元气|梦幻,练舞房|舞台|日常,针织|百褶裙|蝴蝶结,,,ILLIT《Jellyous》偏甜美与元气，建议选择便于发力且有舞台层次感的女团搭配。,
gg-094,Aim High,ILLIT,女团,aim high|illit aim high|aimhigh,甜美|元气|梦幻,练舞房|舞台|日常,针织|百褶裙|蝴蝶结,,,ILLIT《Aim High》偏甜美与元气，建议选择便于发力且有舞台层次感的女团搭配。,
gg-095,Otw,ILLIT,女团,otw|illit otw|otw,甜美|元气|梦幻,练舞房|舞台|日常,针织|百褶裙|蝴蝶结,,,ILLIT《Otw》偏甜美与元气，建议选择便于发力且有舞台层次感的女团搭配。,
gg-096,Borrowed Cat,ILLIT,女团,borrowed cat|illit borrowed cat|borrowedcat,甜美|元气|梦幻,练舞房|舞台|日常,针织|百褶裙|蝴蝶结,,,ILLIT《Borrowed Cat》偏甜美与元气，建议选择便于发力且有舞台层次感的女团搭配。,
gg-097,Salty & Sweet,aespa,女团,salty & sweet|aespa salty & sweet|salty&sweet,未来感|力量|暗黑,练舞房|舞台|日常,皮革|金属|短靴,,,aespa《Salty & Sweet》偏未来感与力量，建议选择便于发力且有舞台层次感的女团搭配。,
gg-098,Rebel Heart,IVE,女团,rebel heart|ive rebel heart|rebelheart,华丽|自信|甜辣,练舞房|舞台|日常,短上衣|短裙|亮面配饰,,,IVE《Rebel Heart》偏华丽与自信，建议选择便于发力且有舞台层次感的女团搭配。,
gg-099,Imaginary Friend,ITZY,女团,imaginary friend|itzy imaginary friend|imaginaryfriend,Girl Crush|力量|运动,练舞房|舞台|日常,工装|运动鞋|机能风,,,ITZY《Imaginary Friend》偏Girl Crush与力量，建议选择便于发力且有舞台层次感的女团搭配。,
gg-100,Gods,NewJeans,女团,gods|newjeans gods|gods,清新|Y2K|元气,练舞房|舞台|日常,运动鞋|宽松裤|发夹,,,NewJeans《Gods》偏清新与Y2K，建议选择便于发力且有舞台层次感的女团搭配。,
kiiikiii-i-do-me,I DO ME,KiiiKiii,K-pop,I DO ME|i do me|KiiiKiii I DO ME|I DO ME KiiiKiii|idome,元气|甜酷|Y2K,练舞房|舞台|日常,彩色短上衣|百褶裙|牛仔|运动鞋|发夹|棒球帽,沉闷全黑|厚重长外套,,元气甜酷和 Y2K 少女感更适配，推荐彩色短上衣、牛仔/百褶短裙、运动鞋和发夹，跳起来轻快出片。,
kiiikiii-debut-song,DEBUT SONG,KiiiKiii,K-pop,DEBUT SONG|debut song|KiiiKiii DEBUT SONG|DEBUT SONG KiiiKiii|debutsong,元气|甜酷|Y2K,练舞房|舞台|日常,彩色短上衣|百褶裙|牛仔|运动鞋|发夹|棒球帽,沉闷全黑|厚重长外套,,元气甜酷和 Y2K 少女感更适配，推荐彩色短上衣、牛仔/百褶短裙、运动鞋和发夹，跳起来轻快出片。,
kiiikiii-groundwork,GROUNDWORK,KiiiKiii,K-pop,GROUNDWORK|groundwork|KiiiKiii GROUNDWORK|GROUNDWORK KiiiKiii,元气|甜酷|Y2K,练舞房|舞台|日常,彩色短上衣|百褶裙|牛仔|运动鞋|发夹|棒球帽,沉闷全黑|厚重长外套,,元气甜酷和 Y2K 少女感更适配，推荐彩色短上衣、牛仔/百褶短裙、运动鞋和发夹，跳起来轻快出片。,
kiiikiii-there-they-go,THERE THEY GO,KiiiKiii,K-pop,THERE THEY GO|there they go|KiiiKiii THERE THEY GO|THERE THEY GO KiiiKiii|theretheygo,元气|甜酷|Y2K,练舞房|舞台|日常,彩色短上衣|百褶裙|牛仔|运动鞋|发夹|棒球帽,沉闷全黑|厚重长外套,,元气甜酷和 Y2K 少女感更适配，推荐彩色短上衣、牛仔/百褶短裙、运动鞋和发夹，跳起来轻快出片。,
kiiikiii-btg,BTG,KiiiKiii,K-pop,BTG|btg|KiiiKiii BTG|BTG KiiiKiii,元气|甜酷|Y2K,练舞房|舞台|日常,彩色短上衣|百褶裙|牛仔|运动鞋|发夹|棒球帽,沉闷全黑|厚重长外套,,元气甜酷和 Y2K 少女感更适配，推荐彩色短上衣、牛仔/百褶短裙、运动鞋和发夹，跳起来轻快出片。,
kiiikiii-one-off,ONE OFF,KiiiKiii,K-pop,ONE OFF|one off|KiiiKiii ONE OFF|ONE OFF KiiiKiii|oneoff,元气|甜酷|Y2K,练舞房|舞台|日常,彩色短上衣|百褶裙|牛仔|运动鞋|发夹|棒球帽,沉闷全黑|厚重长外套,,元气甜酷和 Y2K 少女感更适配，推荐彩色短上衣、牛仔/百褶短裙、运动鞋和发夹，跳起来轻快出片。,
hearts2hearts-the-chase,The Chase,Hearts2Hearts,K-pop,The Chase|the chase|Hearts2Hearts The Chase|The Chase Hearts2Hearts|thechase,甜酷|优雅|学院,练舞房|舞台|日常,短裙|针织|衬衫|浅色套装|发箍|玛丽珍,暗黑重金属|过度机能,,清爽女团舞台感，适合短裙或套装、针织/衬衫层次和精致发饰，在甜美与利落之间做平衡。,
hearts2hearts-butterflies,Butterflies,Hearts2Hearts,K-pop,Butterflies|butterflies|Hearts2Hearts Butterflies|Butterflies Hearts2Hearts,甜酷|优雅|学院,练舞房|舞台|日常,短裙|针织|衬衫|浅色套装|发箍|玛丽珍,暗黑重金属|过度机能,,清爽女团舞台感，适合短裙或套装、针织/衬衫层次和精致发饰，在甜美与利落之间做平衡。,
hearts2hearts-style,STYLE,Hearts2Hearts,K-pop,STYLE|style|Hearts2Hearts STYLE|STYLE Hearts2Hearts,甜酷|优雅|学院,练舞房|舞台|日常,短裙|针织|衬衫|浅色套装|发箍|玛丽珍,暗黑重金属|过度机能,,清爽女团舞台感，适合短裙或套装、针织/衬衫层次和精致发饰，在甜美与利落之间做平衡。,
hearts2hearts-pretty-please,Pretty Please,Hearts2Hearts,K-pop,Pretty Please|pretty please|Hearts2Hearts Pretty Please|Pretty Please Hearts2Hearts|prettyplease,甜酷|优雅|学院,练舞房|舞台|日常,短裙|针织|衬衫|浅色套装|发箍|玛丽珍,暗黑重金属|过度机能,,清爽女团舞台感，适合短裙或套装、针织/衬衫层次和精致发饰，在甜美与利落之间做平衡。,
hearts2hearts-focus,FOCUS,Hearts2Hearts,K-pop,FOCUS|focus|Hearts2Hearts FOCUS|FOCUS Hearts2Hearts,甜酷|优雅|学院,练舞房|舞台|日常,短裙|针织|衬衫|浅色套装|发箍|玛丽珍,暗黑重金属|过度机能,,清爽女团舞台感，适合短裙或套装、针织/衬衫层次和精致发饰，在甜美与利落之间做平衡。,
hearts2hearts-apple-pie,Apple Pie,Hearts2Hearts,K-pop,Apple Pie|apple pie|Hearts2Hearts Apple Pie|Apple Pie Hearts2Hearts|applepie,甜酷|优雅|学院,练舞房|舞台|日常,短裙|针织|衬衫|浅色套装|发箍|玛丽珍,暗黑重金属|过度机能,,清爽女团舞台感，适合短裙或套装、针织/衬衫层次和精致发饰，在甜美与利落之间做平衡。,
hearts2hearts-rude,Rude,Hearts2Hearts,K-pop,Rude|rude|Hearts2Hearts Rude|Rude Hearts2Hearts,甜酷|优雅|学院,练舞房|舞台|日常,短裙|针织|衬衫|浅色套装|发箍|玛丽珍,暗黑重金属|过度机能,,清爽女团舞台感，适合短裙或套装、针织/衬衫层次和精致发饰，在甜美与利落之间做平衡。,
hearts2hearts-blue-moon,Blue Moon,Hearts2Hearts,K-pop,Blue Moon|blue moon|Hearts2Hearts Blue Moon|Blue Moon Hearts2Hearts|bluemoon,甜酷|优雅|学院,练舞房|舞台|日常,短裙|针织|衬衫|浅色套装|发箍|玛丽珍,暗黑重金属|过度机能,,清爽女团舞台感，适合短裙或套装、针织/衬衫层次和精致发饰，在甜美与利落之间做平衡。,
hearts2hearts-satellite,Satellite,Hearts2Hearts,K-pop,Satellite|satellite|Hearts2Hearts Satellite|Satellite Hearts2Hearts,甜酷|优雅|学院,练舞房|舞台|日常,短裙|针织|衬衫|浅色套装|发箍|玛丽珍,暗黑重金属|过度机能,,清爽女团舞台感，适合短裙或套装、针织/衬衫层次和精致发饰，在甜美与利落之间做平衡。,
izna-izna,IZNA,izna,K-pop,IZNA|izna|izna IZNA|IZNA izna,运动|甜酷|机能,练舞房|舞台|日常,运动背心|工装裙裤|短款夹克|球鞋|护腕|银色配饰,拖地长裙|高跟细跟,,偏练舞房和机能运动路线，适合运动背心、工装裙裤、短夹克和稳固球鞋，兼顾力量感与动作舒展。,
izna-timebomb,Timebomb,izna,K-pop,Timebomb|timebomb|izna Timebomb|Timebomb izna,运动|甜酷|机能,练舞房|舞台|日常,运动背心|工装裙裤|短款夹克|球鞋|护腕|银色配饰,拖地长裙|高跟细跟,,偏练舞房和机能运动路线，适合运动背心、工装裙裤、短夹克和稳固球鞋，兼顾力量感与动作舒展。,
izna-iwaly,IWALY,izna,K-pop,IWALY|iwaly|izna IWALY|IWALY izna,运动|甜酷|机能,练舞房|舞台|日常,运动背心|工装裙裤|短款夹克|球鞋|护腕|银色配饰,拖地长裙|高跟细跟,,偏练舞房和机能运动路线，适合运动背心、工装裙裤、短夹克和稳固球鞋，兼顾力量感与动作舒展。,
izna-drip,Drip,izna,K-pop,Drip|drip|izna Drip|Drip izna,运动|甜酷|机能,练舞房|舞台|日常,运动背心|工装裙裤|短款夹克|球鞋|护腕|银色配饰,拖地长裙|高跟细跟,,偏练舞房和机能运动路线，适合运动背心、工装裙裤、短夹克和稳固球鞋，兼顾力量感与动作舒展。,
izna-beep,Beep,izna,K-pop,Beep|beep|izna Beep|Beep izna,运动|甜酷|机能,练舞房|舞台|日常,运动背心|工装裙裤|短款夹克|球鞋|护腕|银色配饰,拖地长裙|高跟细跟,,偏练舞房和机能运动路线，适合运动背心、工装裙裤、短夹克和稳固球鞋，兼顾力量感与动作舒展。,
izna-sign,Sign,izna,K-pop,Sign|sign|izna Sign|Sign izna,运动|甜酷|机能,练舞房|舞台|日常,运动背心|工装裙裤|短款夹克|球鞋|护腕|银色配饰,拖地长裙|高跟细跟,,偏练舞房和机能运动路线，适合运动背心、工装裙裤、短夹克和稳固球鞋，兼顾力量感与动作舒展。,
izna-mamma-mia,Mamma Mia,izna,K-pop,Mamma Mia|mamma mia|izna Mamma Mia|Mamma Mia izna|mammamia,运动|甜酷|机能,练舞房|舞台|日常,运动背心|工装裙裤|短款夹克|球鞋|护腕|银色配饰,拖地长裙|高跟细跟,,偏练舞房和机能运动路线，适合运动背心、工装裙裤、短夹克和稳固球鞋，兼顾力量感与动作舒展。,
katseye-debut,Debut,KATSEYE,K-pop,Debut|debut|KATSEYE Debut|Debut KATSEYE,元气|甜酷|Y2K,练舞房|舞台|日常,彩色短上衣|百褶裙|牛仔|运动鞋|发夹|棒球帽,沉闷全黑|厚重长外套,,元气甜酷和 Y2K 少女感更适配，推荐彩色短上衣、牛仔/百褶短裙、运动鞋和发夹，跳起来轻快出片。,
katseye-touch,Touch,KATSEYE,K-pop,Touch|touch|KATSEYE Touch|Touch KATSEYE,元气|甜酷|Y2K,练舞房|舞台|日常,彩色短上衣|百褶裙|牛仔|运动鞋|发夹|棒球帽,沉闷全黑|厚重长外套,,元气甜酷和 Y2K 少女感更适配，推荐彩色短上衣、牛仔/百褶短裙、运动鞋和发夹，跳起来轻快出片。,
katseye-my-way,My Way,KATSEYE,K-pop,My Way|my way|KATSEYE My Way|My Way KATSEYE|myway,元气|甜酷|Y2K,练舞房|舞台|日常,彩色短上衣|百褶裙|牛仔|运动鞋|发夹|棒球帽,沉闷全黑|厚重长外套,,元气甜酷和 Y2K 少女感更适配，推荐彩色短上衣、牛仔/百褶短裙、运动鞋和发夹，跳起来轻快出片。,
katseye-flame,Flame,KATSEYE,K-pop,Flame|flame|KATSEYE Flame|Flame KATSEYE,元气|甜酷|Y2K,练舞房|舞台|日常,彩色短上衣|百褶裙|牛仔|运动鞋|发夹|棒球帽,沉闷全黑|厚重长外套,,元气甜酷和 Y2K 少女感更适配，推荐彩色短上衣、牛仔/百褶短裙、运动鞋和发夹，跳起来轻快出片。,
katseye-tonight-i-might,Tonight I Might,KATSEYE,K-pop,Tonight I Might|tonight i might|KATSEYE Tonight I Might|Tonight I Might KATSEYE|tonightimight,元气|甜酷|Y2K,练舞房|舞台|日常,彩色短上衣|百褶裙|牛仔|运动鞋|发夹|棒球帽,沉闷全黑|厚重长外套,,元气甜酷和 Y2K 少女感更适配，推荐彩色短上衣、牛仔/百褶短裙、运动鞋和发夹，跳起来轻快出片。,
katseye-gnarly,Gnarly,KATSEYE,K-pop,Gnarly|gnarly|KATSEYE Gnarly|Gnarly KATSEYE,元气|甜酷|Y2K,练舞房|舞台|日常,彩色短上衣|百褶裙|牛仔|运动鞋|发夹|棒球帽,沉闷全黑|厚重长外套,,元气甜酷和 Y2K 少女感更适配，推荐彩色短上衣、牛仔/百褶短裙、运动鞋和发夹，跳起来轻快出片。,
katseye-gabriela,Gabriela,KATSEYE,K-pop,Gabriela|gabriela|KATSEYE Gabriela|Gabriela KATSEYE,元气|甜酷|Y2K,练舞房|舞台|日常,彩色短上衣|百褶裙|牛仔|运动鞋|发夹|棒球帽,沉闷全黑|厚重长外套,,元气甜酷和 Y2K 少女感更适配，推荐彩色短上衣、牛仔/百褶短裙、运动鞋和发夹，跳起来轻快出片。,
katseye-gameboy,Gameboy,KATSEYE,K-pop,Gameboy|gameboy|KATSEYE Gameboy|Gameboy KATSEYE,元气|甜酷|Y2K,练舞房|舞台|日常,彩色短上衣|百褶裙|牛仔|运动鞋|发夹|棒球帽,沉闷全黑|厚重长外套,,元气甜酷和 Y2K 少女感更适配，推荐彩色短上衣、牛仔/百褶短裙、运动鞋和发夹，跳起来轻快出片。,
katseye-mean-girls,Mean Girls,KATSEYE,K-pop,Mean Girls|mean girls|KATSEYE Mean Girls|Mean Girls KATSEYE|meangirls,元气|甜酷|Y2K,练舞房|舞台|日常,彩色短上衣|百褶裙|牛仔|运动鞋|发夹|棒球帽,沉闷全黑|厚重长外套,,元气甜酷和 Y2K 少女感更适配，推荐彩色短上衣、牛仔/百褶短裙、运动鞋和发夹，跳起来轻快出片。,
katseye-m-i-a,M.I.A,KATSEYE,K-pop,M.I.A|m.i.a|KATSEYE M.I.A|M.I.A KATSEYE,元气|甜酷|Y2K,练舞房|舞台|日常,彩色短上衣|百褶裙|牛仔|运动鞋|发夹|棒球帽,沉闷全黑|厚重长外套,,元气甜酷和 Y2K 少女感更适配，推荐彩色短上衣、牛仔/百褶短裙、运动鞋和发夹，跳起来轻快出片。,
katseye-beautiful-chaos,Beautiful Chaos,KATSEYE,K-pop,Beautiful Chaos|beautiful chaos|KATSEYE Beautiful Chaos|Beautiful Chaos KATSEYE|beautifulchaos,元气|甜酷|Y2K,练舞房|舞台|日常,彩色短上衣|百褶裙|牛仔|运动鞋|发夹|棒球帽,沉闷全黑|厚重长外套,,元气甜酷和 Y2K 少女感更适配，推荐彩色短上衣、牛仔/百褶短裙、运动鞋和发夹，跳起来轻快出片。,
katseye-internet-girl,Internet Girl,KATSEYE,K-pop,Internet Girl|internet girl|KATSEYE Internet Girl|Internet Girl KATSEYE|internetgirl,元气|甜酷|Y2K,练舞房|舞台|日常,彩色短上衣|百褶裙|牛仔|运动鞋|发夹|棒球帽,沉闷全黑|厚重长外套,,元气甜酷和 Y2K 少女感更适配，推荐彩色短上衣、牛仔/百褶短裙、运动鞋和发夹，跳起来轻快出片。,
red-velvet-happiness,Happiness,Red Velvet,K-pop,Happiness|happiness|Red Velvet Happiness|Happiness Red Velvet,甜酷|优雅|学院,练舞房|舞台|日常,短裙|针织|衬衫|浅色套装|发箍|玛丽珍,暗黑重金属|过度机能,,清爽女团舞台感，适合短裙或套装、针织/衬衫层次和精致发饰，在甜美与利落之间做平衡。,
red-velvet-be-natural,Be Natural,Red Velvet,K-pop,Be Natural|be natural|Red Velvet Be Natural|Be Natural Red Velvet|benatural,甜酷|优雅|学院,练舞房|舞台|日常,短裙|针织|衬衫|浅色套装|发箍|玛丽珍,暗黑重金属|过度机能,,清爽女团舞台感，适合短裙或套装、针织/衬衫层次和精致发饰，在甜美与利落之间做平衡。,
red-velvet-ice-cream-cake,Ice Cream Cake,Red Velvet,K-pop,Ice Cream Cake|ice cream cake|Red Velvet Ice Cream Cake|Ice Cream Cake Red Velvet|icecreamcake,甜酷|优雅|学院,练舞房|舞台|日常,短裙|针织|衬衫|浅色套装|发箍|玛丽珍,暗黑重金属|过度机能,,清爽女团舞台感，适合短裙或套装、针织/衬衫层次和精致发饰，在甜美与利落之间做平衡。,
red-velvet-automatic,Automatic,Red Velvet,K-pop,Automatic|automatic|Red Velvet Automatic|Automatic Red Velvet,甜酷|优雅|学院,练舞房|舞台|日常,短裙|针织|衬衫|浅色套装|发箍|玛丽珍,暗黑重金属|过度机能,,清爽女团舞台感，适合短裙或套装、针织/衬衫层次和精致发饰，在甜美与利落之间做平衡。,
red-velvet-dumb-dumb,Dumb Dumb,Red Velvet,K-pop,Dumb Dumb|dumb dumb|Red Velvet Dumb Dumb|Dumb Dumb Red Velvet|dumbdumb,甜酷|优雅|学院,练舞房|舞台|日常,短裙|针织|衬衫|浅色套装|发箍|玛丽珍,暗黑重金属|过度机能,,清爽女团舞台感，适合短裙或套装、针织/衬衫层次和精致发饰，在甜美与利落之间做平衡。,
red-velvet-campfire,Campfire,Red Velvet,K-pop,Campfire|campfire|Red Velvet Campfire|Campfire Red Velvet,甜酷|优雅|学院,练舞房|舞台|日常,短裙|针织|衬衫|浅色套装|发箍|玛丽珍,暗黑重金属|过度机能,,清爽女团舞台感，适合短裙或套装、针织/衬衫层次和精致发饰，在甜美与利落之间做平衡。,
red-velvet-huff-n-puff,Huff n Puff,Red Velvet,K-pop,Huff n Puff|huff n puff|Red Velvet Huff n Puff|Huff n Puff Red Velvet|huffnpuff,甜酷|优雅|学院,练舞房|舞台|日常,短裙|针织|衬衫|浅色套装|发箍|玛丽珍,暗黑重金属|过度机能,,清爽女团舞台感，适合短裙或套装、针织/衬衫层次和精致发饰，在甜美与利落之间做平衡。,
red-velvet-red-dress,Red Dress,Red Velvet,K-pop,Red Dress|red dress|Red Velvet Red Dress|Red Dress Red Velvet|reddress,甜酷|优雅|学院,练舞房|舞台|日常,短裙|针织|衬衫|浅色套装|发箍|玛丽珍,暗黑重金属|过度机能,,清爽女团舞台感，适合短裙或套装、针织/衬衫层次和精致发饰，在甜美与利落之间做平衡。,
red-velvet-oh-boy,Oh Boy,Red Velvet,K-pop,Oh Boy|oh boy|Red Velvet Oh Boy|Oh Boy Red Velvet|ohboy,甜酷|优雅|学院,练舞房|舞台|日常,短裙|针织|衬衫|浅色套装|发箍|玛丽珍,暗黑重金属|过度机能,,清爽女团舞台感，适合短裙或套装、针织/衬衫层次和精致发饰，在甜美与利落之间做平衡。,
red-velvet-lady-s-room,Lady's Room,Red Velvet,K-pop,Lady's Room|lady's room|Red Velvet Lady's Room|Lady's Room Red Velvet|lady'sroom,甜酷|优雅|学院,练舞房|舞台|日常,短裙|针织|衬衫|浅色套装|发箍|玛丽珍,暗黑重金属|过度机能,,清爽女团舞台感，适合短裙或套装、针织/衬衫层次和精致发饰，在甜美与利落之间做平衡。,
red-velvet-russian-roulette,Russian Roulette,Red Velvet,K-pop,Russian Roulette|russian roulette|Red Velvet Russian Roulette|Russian Roulette Red Velvet|russianroulette,甜酷|优雅|学院,练舞房|舞台|日常,短裙|针织|衬衫|浅色套装|发箍|玛丽珍,暗黑重金属|过度机能,,清爽女团舞台感，适合短裙或套装、针织/衬衫层次和精致发饰，在甜美与利落之间做平衡。,
red-velvet-lucky-girl,Lucky Girl,Red Velvet,K-pop,Lucky Girl|lucky girl|Red Velvet Lucky Girl|Lucky Girl Red Velvet|luckygirl,甜酷|优雅|学院,练舞房|舞台|日常,短裙|针织|衬衫|浅色套装|发箍|玛丽珍,暗黑重金属|过度机能,,清爽女团舞台感，适合短裙或套装、针织/衬衫层次和精致发饰，在甜美与利落之间做平衡。,
red-velvet-bad-dracula,Bad Dracula,Red Velvet,K-pop,Bad Dracula|bad dracula|Red Velvet Bad Dracula|Bad Dracula Red Velvet|baddracula,甜酷|优雅|学院,练舞房|舞台|日常,短裙|针织|衬衫|浅色套装|发箍|玛丽珍,暗黑重金属|过度机能,,清爽女团舞台感，适合短裙或套装、针织/衬衫层次和精致发饰，在甜美与利落之间做平衡。,
red-velvet-sunny-afternoon,Sunny Afternoon,Red Velvet,K-pop,Sunny Afternoon|sunny afternoon|Red Velvet Sunny Afternoon|Sunny Afternoon Red Velvet|sunnyafternoon,甜酷|优雅|学院,练舞房|舞台|日常,短裙|针织|衬衫|浅色套装|发箍|玛丽珍,暗黑重金属|过度机能,,清爽女团舞台感，适合短裙或套装、针织/衬衫层次和精致发饰，在甜美与利落之间做平衡。,
red-velvet-fool,Fool,Red Velvet,K-pop,Fool|fool|Red Velvet Fool|Fool Red Velvet,甜酷|优雅|学院,练舞房|舞台|日常,短裙|针织|衬衫|浅色套装|发箍|玛丽珍,暗黑重金属|过度机能,,清爽女团舞台感，适合短裙或套装、针织/衬衫层次和精致发饰，在甜美与利落之间做平衡。,
red-velvet-some-love,Some Love,Red Velvet,K-pop,Some Love|some love|Red Velvet Some Love|Some Love Red Velvet|somelove,甜酷|优雅|学院,练舞房|舞台|日常,短裙|针织|衬衫|浅色套装|发箍|玛丽珍,暗黑重金属|过度机能,,清爽女团舞台感，适合短裙或套装、针织/衬衫层次和精致发饰，在甜美与利落之间做平衡。,
red-velvet-my-dear,My Dear,Red Velvet,K-pop,My Dear|my dear|Red Velvet My Dear|My Dear Red Velvet|mydear,甜酷|优雅|学院,练舞房|舞台|日常,短裙|针织|衬衫|浅色套装|发箍|玛丽珍,暗黑重金属|过度机能,,清爽女团舞台感，适合短裙或套装、针织/衬衫层次和精致发饰，在甜美与利落之间做平衡。,
red-velvet-rookie,Rookie,Red Velvet,K-pop,Rookie|rookie|Red Velvet Rookie|Rookie Red Velvet,甜酷|优雅|学院,练舞房|舞台|日常,短裙|针织|衬衫|浅色套装|发箍|玛丽珍,暗黑重金属|过度机能,,清爽女团舞台感，适合短裙或套装、针织/衬衫层次和精致发饰，在甜美与利落之间做平衡。,
red-velvet-little-little,Little Little,Red Velvet,K-pop,Little Little|little little|Red Velvet Little Little|Little Little Red Velvet|littlelittle,甜酷|优雅|学院,练舞房|舞台|日常,短裙|针织|衬衫|浅色套装|发箍|玛丽珍,暗黑重金属|过度机能,,清爽女团舞台感，适合短裙或套装、针织/衬衫层次和精致发饰，在甜美与利落之间做平衡。,
red-velvet-happily-ever-after,Happily Ever After,Red Velvet,K-pop,Happily Ever After|happily ever after|Red Velvet Happily Ever After|Happily Ever After Red Velvet|happilyeverafter,甜酷|优雅|学院,练舞房|舞台|日常,短裙|针织|衬衫|浅色套装|发箍|玛丽珍,暗黑重金属|过度机能,,清爽女团舞台感，适合短裙或套装、针织/衬衫层次和精致发饰，在甜美与利落之间做平衡。,
red-velvet-talk-to-me,Talk To Me,Red Velvet,K-pop,Talk To Me|talk to me|Red Velvet Talk To Me|Talk To Me Red Velvet|talktome,甜酷|优雅|学院,练舞房|舞台|日常,短裙|针织|衬衫|浅色套装|发箍|玛丽珍,暗黑重金属|过度机能,,清爽女团舞台感，适合短裙或套装、针织/衬衫层次和精致发饰，在甜美与利落之间做平衡。,
red-velvet-body-talk,Body Talk,Red Velvet,K-pop,Body Talk|body talk|Red Velvet Body Talk|Body Talk Red Velvet|bodytalk,甜酷|优雅|学院,练舞房|舞台|日常,短裙|针织|衬衫|浅色套装|发箍|玛丽珍,暗黑重金属|过度机能,,清爽女团舞台感，适合短裙或套装、针织/衬衫层次和精致发饰，在甜美与利落之间做平衡。,
red-velvet-last-love,Last Love,Red Velvet,K-pop,Last Love|last love|Red Velvet Last Love|Last Love Red Velvet|lastlove,甜酷|优雅|学院,练舞房|舞台|日常,短裙|针织|衬衫|浅色套装|发箍|玛丽珍,暗黑重金属|过度机能,,清爽女团舞台感，适合短裙或套装、针织/衬衫层次和精致发饰，在甜美与利落之间做平衡。,
red-velvet-would-u,Would U,Red Velvet,K-pop,Would U|would u|Red Velvet Would U|Would U Red Velvet|wouldu,甜酷|优雅|学院,练舞房|舞台|日常,短裙|针织|衬衫|浅色套装|发箍|玛丽珍,暗黑重金属|过度机能,,清爽女团舞台感，适合短裙或套装、针织/衬衫层次和精致发饰，在甜美与利落之间做平衡。,
red-velvet-red-flavor,Red Flavor,Red Velvet,K-pop,Red Flavor|red flavor|Red Velvet Red Flavor|Red Flavor Red Velvet|redflavor,甜酷|优雅|学院,练舞房|舞台|日常,短裙|针织|衬衫|浅色套装|发箍|玛丽珍,暗黑重金属|过度机能,,清爽女团舞台感，适合短裙或套装、针织/衬衫层次和精致发饰，在甜美与利落之间做平衡。,
red-velvet-you-better-know,You Better Know,Red Velvet,K-pop,You Better Know|you better know|Red Velvet You Better Know|You Better Know Red Velvet|youbetterknow,甜酷|优雅|学院,练舞房|舞台|日常,短裙|针织|衬衫|浅色套装|发箍|玛丽珍,暗黑重金属|过度机能,,清爽女团舞台感，适合短裙或套装、针织/衬衫层次和精致发饰，在甜美与利落之间做平衡。,
red-velvet-zoo,Zoo,Red Velvet,K-pop,Zoo|zoo|Red Velvet Zoo|Zoo Red Velvet,甜酷|优雅|学院,练舞房|舞台|日常,短裙|针织|衬衫|浅色套装|发箍|玛丽珍,暗黑重金属|过度机能,,清爽女团舞台感，适合短裙或套装、针织/衬衫层次和精致发饰，在甜美与利落之间做平衡。,
red-velvet-mojito,Mojito,Red Velvet,K-pop,Mojito|mojito|Red Velvet Mojito|Mojito Red Velvet,甜酷|优雅|学院,练舞房|舞台|日常,短裙|针织|衬衫|浅色套装|发箍|玛丽珍,暗黑重金属|过度机能,,清爽女团舞台感，适合短裙或套装、针织/衬衫层次和精致发饰，在甜美与利落之间做平衡。,
red-velvet-hear-the-sea,Hear The Sea,Red Velvet,K-pop,Hear The Sea|hear the sea|Red Velvet Hear The Sea|Hear The Sea Red Velvet|hearthesea,甜酷|优雅|学院,练舞房|舞台|日常,短裙|针织|衬衫|浅色套装|发箍|玛丽珍,暗黑重金属|过度机能,,清爽女团舞台感，适合短裙或套装、针织/衬衫层次和精致发饰，在甜美与利落之间做平衡。,
red-velvet-rebirth,Rebirth,Red Velvet,K-pop,Rebirth|rebirth|Red Velvet Rebirth|Rebirth Red Velvet,甜酷|优雅|学院,练舞房|舞台|日常,短裙|针织|衬衫|浅色套装|发箍|玛丽珍,暗黑重金属|过度机能,,清爽女团舞台感，适合短裙或套装、针织/衬衫层次和精致发饰，在甜美与利落之间做平衡。,
red-velvet-peek-a-boo,Peek-A-Boo,Red Velvet,K-pop,Peek-A-Boo|peek-a-boo|Red Velvet Peek-A-Boo|Peek-A-Boo Red Velvet,甜酷|优雅|学院,练舞房|舞台|日常,短裙|针织|衬衫|浅色套装|发箍|玛丽珍,暗黑重金属|过度机能,,清爽女团舞台感，适合短裙或套装、针织/衬衫层次和精致发饰，在甜美与利落之间做平衡。,
red-velvet-look,Look,Red Velvet,K-pop,Look|look|Red Velvet Look|Look Red Velvet,甜酷|优雅|学院,练舞房|舞台|日常,短裙|针织|衬衫|浅色套装|发箍|玛丽珍,暗黑重金属|过度机能,,清爽女团舞台感，适合短裙或套装、针织/衬衫层次和精致发饰，在甜美与利落之间做平衡。,
red-velvet-i-just,I Just,Red Velvet,K-pop,I Just|i just|Red Velvet I Just|I Just Red Velvet|ijust,甜酷|优雅|学院,练舞房|舞台|日常,短裙|针织|衬衫|浅色套装|发箍|玛丽珍,暗黑重金属|过度机能,,清爽女团舞台感，适合短裙或套装、针织/衬衫层次和精致发饰，在甜美与利落之间做平衡。,
red-velvet-kingdom-come,Kingdom Come,Red Velvet,K-pop,Kingdom Come|kingdom come|Red Velvet Kingdom Come|Kingdom Come Red Velvet|kingdomcome,甜酷|优雅|学院,练舞房|舞台|日常,短裙|针织|衬衫|浅色套装|发箍|玛丽珍,暗黑重金属|过度机能,,清爽女团舞台感，适合短裙或套装、针织/衬衫层次和精致发饰，在甜美与利落之间做平衡。,
red-velvet-my-second-date,My Second Date,Red Velvet,K-pop,My Second Date|my second date|Red Velvet My Second Date|My Second Date Red Velvet|myseconddate,甜酷|优雅|学院,练舞房|舞台|日常,短裙|针织|衬衫|浅色套装|发箍|玛丽珍,暗黑重金属|过度机能,,清爽女团舞台感，适合短裙或套装、针织/衬衫层次和精致发饰，在甜美与利落之间做平衡。,
red-velvet-attaboy,Attaboy,Red Velvet,K-pop,Attaboy|attaboy|Red Velvet Attaboy|Attaboy Red Velvet,甜酷|优雅|学院,练舞房|舞台|日常,短裙|针织|衬衫|浅色套装|发箍|玛丽珍,暗黑重金属|过度机能,,清爽女团舞台感，适合短裙或套装、针织/衬衫层次和精致发饰，在甜美与利落之间做平衡。,
red-velvet-perfect-10,Perfect 10,Red Velvet,K-pop,Perfect 10|perfect 10|Red Velvet Perfect 10|Perfect 10 Red Velvet|perfect10,甜酷|优雅|学院,练舞房|舞台|日常,短裙|针织|衬衫|浅色套装|发箍|玛丽珍,暗黑重金属|过度机能,,清爽女团舞台感，适合短裙或套装、针织/衬衫层次和精致发饰，在甜美与利落之间做平衡。,
red-velvet-about-love,About Love,Red Velvet,K-pop,About Love|about love|Red Velvet About Love|About Love Red Velvet|aboutlove,甜酷|优雅|学院,练舞房|舞台|日常,短裙|针织|衬衫|浅色套装|发箍|玛丽珍,暗黑重金属|过度机能,,清爽女团舞台感，适合短裙或套装、针织/衬衫层次和精致发饰，在甜美与利落之间做平衡。,
red-velvet-moonlight-melody,Moonlight Melody,Red Velvet,K-pop,Moonlight Melody|moonlight melody|Red Velvet Moonlight Melody|Moonlight Melody Red Velvet|moonlightmelody,甜酷|优雅|学院,练舞房|舞台|日常,短裙|针织|衬衫|浅色套装|发箍|玛丽珍,暗黑重金属|过度机能,,清爽女团舞台感，适合短裙或套装、针织/衬衫层次和精致发饰，在甜美与利落之间做平衡。,
red-velvet-bad-boy,Bad Boy,Red Velvet,K-pop,Bad Boy|bad boy|Red Velvet Bad Boy|Bad Boy Red Velvet|badboy,甜酷|优雅|学院,练舞房|舞台|日常,短裙|针织|衬衫|浅色套装|发箍|玛丽珍,暗黑重金属|过度机能,,清爽女团舞台感，适合短裙或套装、针织/衬衫层次和精致发饰，在甜美与利落之间做平衡。,
red-velvet-all-right,All Right,Red Velvet,K-pop,All Right|all right|Red Velvet All Right|All Right Red Velvet|allright,甜酷|优雅|学院,练舞房|舞台|日常,短裙|针织|衬衫|浅色套装|发箍|玛丽珍,暗黑重金属|过度机能,,清爽女团舞台感，适合短裙或套装、针织/衬衫层次和精致发饰，在甜美与利落之间做平衡。,
red-velvet-time-to-love,Time To Love,Red Velvet,K-pop,Time To Love|time to love|Red Velvet Time To Love|Time To Love Red Velvet|timetolove,甜酷|优雅|学院,练舞房|舞台|日常,短裙|针织|衬衫|浅色套装|发箍|玛丽珍,暗黑重金属|过度机能,,清爽女团舞台感，适合短裙或套装、针织/衬衫层次和精致发饰，在甜美与利落之间做平衡。,
red-velvet-power-up,Power Up,Red Velvet,K-pop,Power Up|power up|Red Velvet Power Up|Power Up Red Velvet|powerup,甜酷|优雅|学院,练舞房|舞台|日常,短裙|针织|衬衫|浅色套装|发箍|玛丽珍,暗黑重金属|过度机能,,清爽女团舞台感，适合短裙或套装、针织/衬衫层次和精致发饰，在甜美与利落之间做平衡。,
red-velvet-with-you,With You,Red Velvet,K-pop,With You|with you|Red Velvet With You|With You Red Velvet|withyou,甜酷|优雅|学院,练舞房|舞台|日常,短裙|针织|衬衫|浅色套装|发箍|玛丽珍,暗黑重金属|过度机能,,清爽女团舞台感，适合短裙或套装、针织/衬衫层次和精致发饰，在甜美与利落之间做平衡。,
red-velvet-mr-e,Mr. E,Red Velvet,K-pop,Mr. E|mr. e|Red Velvet Mr. E|Mr. E Red Velvet|mr.e,甜酷|优雅|学院,练舞房|舞台|日常,短裙|针织|衬衫|浅色套装|发箍|玛丽珍,暗黑重金属|过度机能,,清爽女团舞台感，适合短裙或套装、针织/衬衫层次和精致发饰，在甜美与利落之间做平衡。,
red-velvet-mosquito,Mosquito,Red Velvet,K-pop,Mosquito|mosquito|Red Velvet Mosquito|Mosquito Red Velvet,甜酷|优雅|学院,练舞房|舞台|日常,短裙|针织|衬衫|浅色套装|发箍|玛丽珍,暗黑重金属|过度机能,,清爽女团舞台感，适合短裙或套装、针织/衬衫层次和精致发饰，在甜美与利落之间做平衡。,
red-velvet-hit-that-drum,Hit That Drum,Red Velvet,K-pop,Hit That Drum|hit that drum|Red Velvet Hit That Drum|Hit That Drum Red Velvet|hitthatdrum,甜酷|优雅|学院,练舞房|舞台|日常,短裙|针织|衬衫|浅色套装|发箍|玛丽珍,暗黑重金属|过度机能,,清爽女团舞台感，适合短裙或套装、针织/衬衫层次和精致发饰，在甜美与利落之间做平衡。,
red-velvet-blue-lemonade,Blue Lemonade,Red Velvet,K-pop,Blue Lemonade|blue lemonade|Red Velvet Blue Lemonade|Blue Lemonade Red Velvet|bluelemonade,甜酷|优雅|学院,练舞房|舞台|日常,短裙|针织|衬衫|浅色套装|发箍|玛丽珍,暗黑重金属|过度机能,,清爽女团舞台感，适合短裙或套装、针织/衬衫层次和精致发饰，在甜美与利落之间做平衡。,
red-velvet-rbb-really-bad-boy,RBB (Really Bad Boy),Red Velvet,K-pop,RBB (Really Bad Boy)|rbb (really bad boy)|Red Velvet RBB (Really Bad Boy)|RBB (Really Bad Boy) Red Velvet|rbb(reallybadboy),甜酷|优雅|学院,练舞房|舞台|日常,短裙|针织|衬衫|浅色套装|发箍|玛丽珍,暗黑重金属|过度机能,,清爽女团舞台感，适合短裙或套装、针织/衬衫层次和精致发饰，在甜美与利落之间做平衡。,
red-velvet-butterflies,Butterflies,Red Velvet,K-pop,Butterflies|butterflies|Red Velvet Butterflies|Butterflies Red Velvet,甜酷|优雅|学院,练舞房|舞台|日常,短裙|针织|衬衫|浅色套装|发箍|玛丽珍,暗黑重金属|过度机能,,清爽女团舞台感，适合短裙或套装、针织/衬衫层次和精致发饰，在甜美与利落之间做平衡。,
red-velvet-so-good,So Good,Red Velvet,K-pop,So Good|so good|Red Velvet So Good|So Good Red Velvet|sogood,甜酷|优雅|学院,练舞房|舞台|日常,短裙|针织|衬衫|浅色套装|发箍|玛丽珍,暗黑重金属|过度机能,,清爽女团舞台感，适合短裙或套装、针织/衬衫层次和精致发饰，在甜美与利落之间做平衡。,
red-velvet-sassy-me,Sassy Me,Red Velvet,K-pop,Sassy Me|sassy me|Red Velvet Sassy Me|Sassy Me Red Velvet|sassyme,甜酷|优雅|学院,练舞房|舞台|日常,短裙|针织|衬衫|浅色套装|发箍|玛丽珍,暗黑重金属|过度机能,,清爽女团舞台感，适合短裙或套装、针织/衬衫层次和精致发饰，在甜美与利落之间做平衡。,
red-velvet-taste,Taste,Red Velvet,K-pop,Taste|taste|Red Velvet Taste|Taste Red Velvet,甜酷|优雅|学院,练舞房|舞台|日常,短裙|针织|衬衫|浅色套装|发箍|玛丽珍,暗黑重金属|过度机能,,清爽女团舞台感，适合短裙或套装、针织/衬衫层次和精致发饰，在甜美与利落之间做平衡。,
red-velvet-sunny-side-up,Sunny Side Up!,Red Velvet,K-pop,Sunny Side Up!|sunny side up!|Red Velvet Sunny Side Up!|Sunny Side Up! Red Velvet|sunnysideup!,甜酷|优雅|学院,练舞房|舞台|日常,短裙|针织|衬衫|浅色套装|发箍|玛丽珍,暗黑重金属|过度机能,,清爽女团舞台感，适合短裙或套装、针织/衬衫层次和精致发饰，在甜美与利落之间做平衡。,
red-velvet-milkshake,Milkshake,Red Velvet,K-pop,Milkshake|milkshake|Red Velvet Milkshake|Milkshake Red Velvet,甜酷|优雅|学院,练舞房|舞台|日常,短裙|针织|衬衫|浅色套装|发箍|玛丽珍,暗黑重金属|过度机能,,清爽女团舞台感，适合短裙或套装、针织/衬衫层次和精致发饰，在甜美与利落之间做平衡。,
red-velvet-bing-bing,Bing Bing,Red Velvet,K-pop,Bing Bing|bing bing|Red Velvet Bing Bing|Bing Bing Red Velvet|bingbing,甜酷|优雅|学院,练舞房|舞台|日常,短裙|针织|衬衫|浅色套装|发箍|玛丽珍,暗黑重金属|过度机能,,清爽女团舞台感，适合短裙或套装、针织/衬衫层次和精致发饰，在甜美与利落之间做平衡。,
red-velvet-parade,Parade,Red Velvet,K-pop,Parade|parade|Red Velvet Parade|Parade Red Velvet,甜酷|优雅|学院,练舞房|舞台|日常,短裙|针织|衬衫|浅色套装|发箍|玛丽珍,暗黑重金属|过度机能,,清爽女团舞台感，适合短裙或套装、针织/衬衫层次和精致发饰，在甜美与利落之间做平衡。,
red-velvet-umpah-umpah,Umpah Umpah,Red Velvet,K-pop,Umpah Umpah|umpah umpah|Red Velvet Umpah Umpah|Umpah Umpah Red Velvet|umpahumpah,甜酷|优雅|学院,练舞房|舞台|日常,短裙|针织|衬衫|浅色套装|发箍|玛丽珍,暗黑重金属|过度机能,,清爽女团舞台感，适合短裙或套装、针织/衬衫层次和精致发饰，在甜美与利落之间做平衡。,
red-velvet-carpool,Carpool,Red Velvet,K-pop,Carpool|carpool|Red Velvet Carpool|Carpool Red Velvet,甜酷|优雅|学院,练舞房|舞台|日常,短裙|针织|衬衫|浅色套装|发箍|玛丽珍,暗黑重金属|过度机能,,清爽女团舞台感，适合短裙或套装、针织/衬衫层次和精致发饰，在甜美与利落之间做平衡。,
red-velvet-love-is-the-way,Love Is The Way,Red Velvet,K-pop,Love Is The Way|love is the way|Red Velvet Love Is The Way|Love Is The Way Red Velvet|loveistheway,甜酷|优雅|学院,练舞房|舞台|日常,短裙|针织|衬衫|浅色套装|发箍|玛丽珍,暗黑重金属|过度机能,,清爽女团舞台感，适合短裙或套装、针织/衬衫层次和精致发饰，在甜美与利落之间做平衡。,
red-velvet-jumpin,Jumpin',Red Velvet,K-pop,Jumpin'|jumpin'|Red Velvet Jumpin'|Jumpin' Red Velvet,甜酷|优雅|学院,练舞房|舞台|日常,短裙|针织|衬衫|浅色套装|发箍|玛丽珍,暗黑重金属|过度机能,,清爽女团舞台感，适合短裙或套装、针织/衬衫层次和精致发饰，在甜美与利落之间做平衡。,
red-velvet-ladies-night,Ladies Night,Red Velvet,K-pop,Ladies Night|ladies night|Red Velvet Ladies Night|Ladies Night Red Velvet|ladiesnight,甜酷|优雅|学院,练舞房|舞台|日常,短裙|针织|衬衫|浅色套装|发箍|玛丽珍,暗黑重金属|过度机能,,清爽女团舞台感，适合短裙或套装、针织/衬衫层次和精致发饰，在甜美与利落之间做平衡。,
red-velvet-eyes-locked-hands-locked,"Eyes Locked, Hands Locked",Red Velvet,K-pop,"Eyes Locked, Hands Locked|eyes locked, hands locked|Red Velvet Eyes Locked, Hands Locked|Eyes Locked, Hands Locked Red Velvet|eyeslocked,handslocked",甜酷|优雅|学院,练舞房|舞台|日常,短裙|针织|衬衫|浅色套装|发箍|玛丽珍,暗黑重金属|过度机能,,清爽女团舞台感，适合短裙或套装、针织/衬衫层次和精致发饰，在甜美与利落之间做平衡。,
red-velvet-psycho,Psycho,Red Velvet,K-pop,Psycho|psycho|Red Velvet Psycho|Psycho Red Velvet,甜酷|优雅|学院,练舞房|舞台|日常,短裙|针织|衬衫|浅色套装|发箍|玛丽珍,暗黑重金属|过度机能,,清爽女团舞台感，适合短裙或套装、针织/衬衫层次和精致发饰，在甜美与利落之间做平衡。,
red-velvet-in-and-out,In & Out,Red Velvet,K-pop,In & Out|in & out|Red Velvet In & Out|In & Out Red Velvet|in&out,甜酷|优雅|学院,练舞房|舞台|日常,短裙|针织|衬衫|浅色套装|发箍|玛丽珍,暗黑重金属|过度机能,,清爽女团舞台感，适合短裙或套装、针织/衬衫层次和精致发饰，在甜美与利落之间做平衡。,
red-velvet-remember-forever,Remember Forever,Red Velvet,K-pop,Remember Forever|remember forever|Red Velvet Remember Forever|Remember Forever Red Velvet|rememberforever,甜酷|优雅|学院,练舞房|舞台|日常,短裙|针织|衬衫|浅色套装|发箍|玛丽珍,暗黑重金属|过度机能,,清爽女团舞台感，适合短裙或套装、针织/衬衫层次和精致发饰，在甜美与利落之间做平衡。,
red-velvet-la-rouge,La Rouge,Red Velvet,K-pop,La Rouge|la rouge|Red Velvet La Rouge|La Rouge Red Velvet|larouge,甜酷|优雅|学院,练舞房|舞台|日常,短裙|针织|衬衫|浅色套装|发箍|玛丽珍,暗黑重金属|过度机能,,清爽女团舞台感，适合短裙或套装、针织/衬衫层次和精致发饰，在甜美与利落之间做平衡。,
red-velvet-queendom,Queendom,Red Velvet,K-pop,Queendom|queendom|Red Velvet Queendom|Queendom Red Velvet,甜酷|优雅|学院,练舞房|舞台|日常,短裙|针织|衬衫|浅色套装|发箍|玛丽珍,暗黑重金属|过度机能,,清爽女团舞台感，适合短裙或套装、针织/衬衫层次和精致发饰，在甜美与利落之间做平衡。,
red-velvet-pose,Pose,Red Velvet,K-pop,Pose|pose|Red Velvet Pose|Pose Red Velvet,甜酷|优雅|学院,练舞房|舞台|日常,短裙|针织|衬衫|浅色套装|发箍|玛丽珍,暗黑重金属|过度机能,,清爽女团舞台感，适合短裙或套装、针织/衬衫层次和精致发饰，在甜美与利落之间做平衡。,
red-velvet-knock-on-wood,Knock On Wood,Red Velvet,K-pop,Knock On Wood|knock on wood|Red Velvet Knock On Wood|Knock On Wood Red Velvet|knockonwood,甜酷|优雅|学院,练舞房|舞台|日常,短裙|针织|衬衫|浅色套装|发箍|玛丽珍,暗黑重金属|过度机能,,清爽女团舞台感，适合短裙或套装、针织/衬衫层次和精致发饰，在甜美与利落之间做平衡。,
red-velvet-better-be,Better Be,Red Velvet,K-pop,Better Be|better be|Red Velvet Better Be|Better Be Red Velvet|betterbe,甜酷|优雅|学院,练舞房|舞台|日常,短裙|针织|衬衫|浅色套装|发箍|玛丽珍,暗黑重金属|过度机能,,清爽女团舞台感，适合短裙或套装、针织/衬衫层次和精致发饰，在甜美与利落之间做平衡。,
red-velvet-pushin-n-pullin,Pushin' N Pullin',Red Velvet,K-pop,Pushin' N Pullin'|pushin' n pullin'|Red Velvet Pushin' N Pullin'|Pushin' N Pullin' Red Velvet|pushin'npullin',甜酷|优雅|学院,练舞房|舞台|日常,短裙|针织|衬衫|浅色套装|发箍|玛丽珍,暗黑重金属|过度机能,,清爽女团舞台感，适合短裙或套装、针织/衬衫层次和精致发饰，在甜美与利落之间做平衡。,
red-velvet-hello-sunset,"Hello, Sunset",Red Velvet,K-pop,"Hello, Sunset|hello, sunset|Red Velvet Hello, Sunset|Hello, Sunset Red Velvet|hello,sunset",甜酷|优雅|学院,练舞房|舞台|日常,短裙|针织|衬衫|浅色套装|发箍|玛丽珍,暗黑重金属|过度机能,,清爽女团舞台感，适合短裙或套装、针织/衬衫层次和精致发饰，在甜美与利落之间做平衡。,
red-velvet-feel-my-rhythm,Feel My Rhythm,Red Velvet,K-pop,Feel My Rhythm|feel my rhythm|Red Velvet Feel My Rhythm|Feel My Rhythm Red Velvet|feelmyrhythm,甜酷|优雅|学院,练舞房|舞台|日常,短裙|针织|衬衫|浅色套装|发箍|玛丽珍,暗黑重金属|过度机能,,清爽女团舞台感，适合短裙或套装、针织/衬衫层次和精致发饰，在甜美与利落之间做平衡。,
red-velvet-rainbow-halo,Rainbow Halo,Red Velvet,K-pop,Rainbow Halo|rainbow halo|Red Velvet Rainbow Halo|Rainbow Halo Red Velvet|rainbowhalo,甜酷|优雅|学院,练舞房|舞台|日常,短裙|针织|衬衫|浅色套装|发箍|玛丽珍,暗黑重金属|过度机能,,清爽女团舞台感，适合短裙或套装、针织/衬衫层次和精致发饰，在甜美与利落之间做平衡。,
red-velvet-beg-for-me,Beg For Me,Red Velvet,K-pop,Beg For Me|beg for me|Red Velvet Beg For Me|Beg For Me Red Velvet|begforme,甜酷|优雅|学院,练舞房|舞台|日常,短裙|针织|衬衫|浅色套装|发箍|玛丽珍,暗黑重金属|过度机能,,清爽女团舞台感，适合短裙或套装、针织/衬衫层次和精致发饰，在甜美与利落之间做平衡。,
red-velvet-bamboleo,Bamboleo,Red Velvet,K-pop,Bamboleo|bamboleo|Red Velvet Bamboleo|Bamboleo Red Velvet,甜酷|优雅|学院,练舞房|舞台|日常,短裙|针织|衬衫|浅色套装|发箍|玛丽珍,暗黑重金属|过度机能,,清爽女团舞台感，适合短裙或套装、针织/衬衫层次和精致发饰，在甜美与利落之间做平衡。,
red-velvet-good-bad-ugly,"Good, Bad, Ugly",Red Velvet,K-pop,"Good, Bad, Ugly|good, bad, ugly|Red Velvet Good, Bad, Ugly|Good, Bad, Ugly Red Velvet|good,bad,ugly",甜酷|优雅|学院,练舞房|舞台|日常,短裙|针织|衬衫|浅色套装|发箍|玛丽珍,暗黑重金属|过度机能,,清爽女团舞台感，适合短裙或套装、针织/衬衫层次和精致发饰，在甜美与利落之间做平衡。,
red-velvet-in-my-dreams,In My Dreams,Red Velvet,K-pop,In My Dreams|in my dreams|Red Velvet In My Dreams|In My Dreams Red Velvet|inmydreams,甜酷|优雅|学院,练舞房|舞台|日常,短裙|针织|衬衫|浅色套装|发箍|玛丽珍,暗黑重金属|过度机能,,清爽女团舞台感，适合短裙或套装、针织/衬衫层次和精致发饰，在甜美与利落之间做平衡。,
red-velvet-birthday,Birthday,Red Velvet,K-pop,Birthday|birthday|Red Velvet Birthday|Birthday Red Velvet,甜酷|优雅|学院,练舞房|舞台|日常,短裙|针织|衬衫|浅色套装|发箍|玛丽珍,暗黑重金属|过度机能,,清爽女团舞台感，适合短裙或套装、针织/衬衫层次和精致发饰，在甜美与利落之间做平衡。,
red-velvet-bye-bye,BYE BYE,Red Velvet,K-pop,BYE BYE|bye bye|Red Velvet BYE BYE|BYE BYE Red Velvet|byebye,甜酷|优雅|学院,练舞房|舞台|日常,短裙|针织|衬衫|浅色套装|发箍|玛丽珍,暗黑重金属|过度机能,,清爽女团舞台感，适合短裙或套装、针织/衬衫层次和精致发饰，在甜美与利落之间做平衡。,
red-velvet-on-a-ride,On A Ride,Red Velvet,K-pop,On A Ride|on a ride|Red Velvet On A Ride|On A Ride Red Velvet|onaride,甜酷|优雅|学院,练舞房|舞台|日常,短裙|针织|衬衫|浅色套装|发箍|玛丽珍,暗黑重金属|过度机能,,清爽女团舞台感，适合短裙或套装、针织/衬衫层次和精致发饰，在甜美与利落之间做平衡。,
red-velvet-zoom,Zoom,Red Velvet,K-pop,Zoom|zoom|Red Velvet Zoom|Zoom Red Velvet,甜酷|优雅|学院,练舞房|舞台|日常,短裙|针织|衬衫|浅色套装|发箍|玛丽珍,暗黑重金属|过度机能,,清爽女团舞台感，适合短裙或套装、针织/衬衫层次和精致发饰，在甜美与利落之间做平衡。,
red-velvet-celebrate,Celebrate,Red Velvet,K-pop,Celebrate|celebrate|Red Velvet Celebrate|Celebrate Red Velvet,甜酷|优雅|学院,练舞房|舞台|日常,短裙|针织|衬衫|浅色套装|发箍|玛丽珍,暗黑重金属|过度机能,,清爽女团舞台感，适合短裙或套装、针织/衬衫层次和精致发饰，在甜美与利落之间做平衡。,
red-velvet-chill-kill,Chill Kill,Red Velvet,K-pop,Chill Kill|chill kill|Red Velvet Chill Kill|Chill Kill Red Velvet|chillkill,甜酷|优雅|学院,练舞房|舞台|日常,短裙|针织|衬衫|浅色套装|发箍|玛丽珍,暗黑重金属|过度机能,,清爽女团舞台感，适合短裙或套装、针织/衬衫层次和精致发饰，在甜美与利落之间做平衡。,
red-velvet-knock-knock-who-s-there,Knock Knock (Who's There?),Red Velvet,K-pop,Knock Knock (Who's There?)|knock knock (who's there?)|Red Velvet Knock Knock (Who's There?)|Knock Knock (Who's There?) Red Velvet|knockknock(who'sthere?),甜酷|优雅|学院,练舞房|舞台|日常,短裙|针织|衬衫|浅色套装|发箍|玛丽珍,暗黑重金属|过度机能,,清爽女团舞台感，适合短裙或套装、针织/衬衫层次和精致发饰，在甜美与利落之间做平衡。,
red-velvet-underwater,Underwater,Red Velvet,K-pop,Underwater|underwater|Red Velvet Underwater|Underwater Red Velvet,甜酷|优雅|学院,练舞房|舞台|日常,短裙|针织|衬衫|浅色套装|发箍|玛丽珍,暗黑重金属|过度机能,,清爽女团舞台感，适合短裙或套装、针织/衬衫层次和精致发饰，在甜美与利落之间做平衡。,
red-velvet-will-i-ever-see-you-again,Will I Ever See You Again?,Red Velvet,K-pop,Will I Ever See You Again?|will i ever see you again?|Red Velvet Will I Ever See You Again?|Will I Ever See You Again? Red Velvet|willieverseeyouagain?,甜酷|优雅|学院,练舞房|舞台|日常,短裙|针织|衬衫|浅色套装|发箍|玛丽珍,暗黑重金属|过度机能,,清爽女团舞台感，适合短裙或套装、针织/衬衫层次和精致发饰，在甜美与利落之间做平衡。,
red-velvet-nightmare,Nightmare,Red Velvet,K-pop,Nightmare|nightmare|Red Velvet Nightmare|Nightmare Red Velvet,甜酷|优雅|学院,练舞房|舞台|日常,短裙|针织|衬衫|浅色套装|发箍|玛丽珍,暗黑重金属|过度机能,,清爽女团舞台感，适合短裙或套装、针织/衬衫层次和精致发饰，在甜美与利落之间做平衡。,
red-velvet-iced-coffee,Iced Coffee,Red Velvet,K-pop,Iced Coffee|iced coffee|Red Velvet Iced Coffee|Iced Coffee Red Velvet|icedcoffee,甜酷|优雅|学院,练舞房|舞台|日常,短裙|针织|衬衫|浅色套装|发箍|玛丽珍,暗黑重金属|过度机能,,清爽女团舞台感，适合短裙或套装、针织/衬衫层次和精致发饰，在甜美与利落之间做平衡。,
red-velvet-one-kiss,One Kiss,Red Velvet,K-pop,One Kiss|one kiss|Red Velvet One Kiss|One Kiss Red Velvet|onekiss,甜酷|优雅|学院,练舞房|舞台|日常,短裙|针织|衬衫|浅色套装|发箍|玛丽珍,暗黑重金属|过度机能,,清爽女团舞台感，适合短裙或套装、针织/衬衫层次和精致发饰，在甜美与利落之间做平衡。,
red-velvet-bulldozer,Bulldozer,Red Velvet,K-pop,Bulldozer|bulldozer|Red Velvet Bulldozer|Bulldozer Red Velvet,甜酷|优雅|学院,练舞房|舞台|日常,短裙|针织|衬衫|浅色套装|发箍|玛丽珍,暗黑重金属|过度机能,,清爽女团舞台感，适合短裙或套装、针织/衬衫层次和精致发饰，在甜美与利落之间做平衡。,
red-velvet-wings,Wings,Red Velvet,K-pop,Wings|wings|Red Velvet Wings|Wings Red Velvet,甜酷|优雅|学院,练舞房|舞台|日常,短裙|针织|衬衫|浅色套装|发箍|玛丽珍,暗黑重金属|过度机能,,清爽女团舞台感，适合短裙或套装、针织/衬衫层次和精致发饰，在甜美与利落之间做平衡。,
red-velvet-cosmic,Cosmic,Red Velvet,K-pop,Cosmic|cosmic|Red Velvet Cosmic|Cosmic Red Velvet,甜酷|优雅|学院,练舞房|舞台|日常,短裙|针织|衬衫|浅色套装|发箍|玛丽珍,暗黑重金属|过度机能,,清爽女团舞台感，适合短裙或套装、针织/衬衫层次和精致发饰，在甜美与利落之间做平衡。,
red-velvet-sunflower,Sunflower,Red Velvet,K-pop,Sunflower|sunflower|Red Velvet Sunflower|Sunflower Red Velvet,甜酷|优雅|学院,练舞房|舞台|日常,短裙|针织|衬衫|浅色套装|发箍|玛丽珍,暗黑重金属|过度机能,,清爽女团舞台感，适合短裙或套装、针织/衬衫层次和精致发饰，在甜美与利落之间做平衡。,
red-velvet-last-drop,Last Drop,Red Velvet,K-pop,Last Drop|last drop|Red Velvet Last Drop|Last Drop Red Velvet|lastdrop,甜酷|优雅|学院,练舞房|舞台|日常,短裙|针织|衬衫|浅色套装|发箍|玛丽珍,暗黑重金属|过度机能,,清爽女团舞台感，适合短裙或套装、针织/衬衫层次和精致发饰，在甜美与利落之间做平衡。,
red-velvet-love-arcade,Love Arcade,Red Velvet,K-pop,Love Arcade|love arcade|Red Velvet Love Arcade|Love Arcade Red Velvet|lovearcade,甜酷|优雅|学院,练舞房|舞台|日常,短裙|针织|衬衫|浅色套装|发箍|玛丽珍,暗黑重金属|过度机能,,清爽女团舞台感，适合短裙或套装、针织/衬衫层次和精致发饰，在甜美与利落之间做平衡。,
red-velvet-bubble,Bubble,Red Velvet,K-pop,Bubble|bubble|Red Velvet Bubble|Bubble Red Velvet,甜酷|优雅|学院,练舞房|舞台|日常,短裙|针织|衬衫|浅色套装|发箍|玛丽珍,暗黑重金属|过度机能,,清爽女团舞台感，适合短裙或套装、针织/衬衫层次和精致发饰，在甜美与利落之间做平衡。,
red-velvet-night-drive,Night Drive,Red Velvet,K-pop,Night Drive|night drive|Red Velvet Night Drive|Night Drive Red Velvet|nightdrive,甜酷|优雅|学院,练舞房|舞台|日常,短裙|针织|衬衫|浅色套装|发箍|玛丽珍,暗黑重金属|过度机能,,清爽女团舞台感，适合短裙或套装、针织/衬衫层次和精致发饰，在甜美与利落之间做平衡。,
g-i-dle-latata,Latata,(G)I-DLE,K-pop,Latata|latata|(G)I-DLE Latata|Latata (G)I-DLE,甜酷|K-pop|舞台,练舞房|舞台|日常,短款上衣|短裙|运动鞋|发饰,,,标准 K-pop 女团舞台搭配，短款上衣和短裙/短裤保证比例，运动鞋提升动作完成度。,
g-i-dle-hann-alone,Hann (Alone),(G)I-DLE,K-pop,Hann (Alone)|hann (alone)|(G)I-DLE Hann (Alone)|Hann (Alone) (G)I-DLE|hann(alone),甜酷|K-pop|舞台,练舞房|舞台|日常,短款上衣|短裙|运动鞋|发饰,,,标准 K-pop 女团舞台搭配，短款上衣和短裙/短裤保证比例，运动鞋提升动作完成度。,
g-i-dle-senorita,Senorita,(G)I-DLE,K-pop,Senorita|senorita|(G)I-DLE Senorita|Senorita (G)I-DLE,甜酷|K-pop|舞台,练舞房|舞台|日常,短款上衣|短裙|运动鞋|发饰,,,标准 K-pop 女团舞台搭配，短款上衣和短裙/短裤保证比例，运动鞋提升动作完成度。,
g-i-dle-uh-oh,Uh-Oh,(G)I-DLE,K-pop,Uh-Oh|uh-oh|(G)I-DLE Uh-Oh|Uh-Oh (G)I-DLE,甜酷|K-pop|舞台,练舞房|舞台|日常,短款上衣|短裙|运动鞋|发饰,,,标准 K-pop 女团舞台搭配，短款上衣和短裙/短裤保证比例，运动鞋提升动作完成度。,
g-i-dle-lion,Lion,(G)I-DLE,K-pop,Lion|lion|(G)I-DLE Lion|Lion (G)I-DLE,甜酷|K-pop|舞台,练舞房|舞台|日常,短款上衣|短裙|运动鞋|发饰,,,标准 K-pop 女团舞台搭配，短款上衣和短裙/短裤保证比例，运动鞋提升动作完成度。,
g-i-dle-oh-my-god,Oh My God,(G)I-DLE,K-pop,Oh My God|oh my god|(G)I-DLE Oh My God|Oh My God (G)I-DLE|ohmygod,甜酷|K-pop|舞台,练舞房|舞台|日常,短款上衣|短裙|运动鞋|发饰,,,标准 K-pop 女团舞台搭配，短款上衣和短裙/短裤保证比例，运动鞋提升动作完成度。,
g-i-dle-dumdi-dumdi,Dumdi Dumdi,(G)I-DLE,K-pop,Dumdi Dumdi|dumdi dumdi|(G)I-DLE Dumdi Dumdi|Dumdi Dumdi (G)I-DLE|dumdidumdi,甜酷|K-pop|舞台,练舞房|舞台|日常,短款上衣|短裙|运动鞋|发饰,,,标准 K-pop 女团舞台搭配，短款上衣和短裙/短裤保证比例，运动鞋提升动作完成度。,
g-i-dle-hwaa,Hwaa,(G)I-DLE,K-pop,Hwaa|hwaa|(G)I-DLE Hwaa|Hwaa (G)I-DLE,甜酷|K-pop|舞台,练舞房|舞台|日常,短款上衣|短裙|运动鞋|发饰,,,标准 K-pop 女团舞台搭配，短款上衣和短裙/短裤保证比例，运动鞋提升动作完成度。,
g-i-dle-tomboy,Tomboy,(G)I-DLE,K-pop,Tomboy|tomboy|(G)I-DLE Tomboy|Tomboy (G)I-DLE,甜酷|K-pop|舞台,练舞房|舞台|日常,短款上衣|短裙|运动鞋|发饰,,,标准 K-pop 女团舞台搭配，短款上衣和短裙/短裤保证比例，运动鞋提升动作完成度。,
g-i-dle-nxde,Nxde,(G)I-DLE,K-pop,Nxde|nxde|(G)I-DLE Nxde|Nxde (G)I-DLE,甜酷|K-pop|舞台,练舞房|舞台|日常,短款上衣|短裙|运动鞋|发饰,,,标准 K-pop 女团舞台搭配，短款上衣和短裙/短裤保证比例，运动鞋提升动作完成度。,
g-i-dle-queencard,Queencard,(G)I-DLE,K-pop,Queencard|queencard|(G)I-DLE Queencard|Queencard (G)I-DLE,甜酷|K-pop|舞台,练舞房|舞台|日常,短款上衣|短裙|运动鞋|发饰,,,标准 K-pop 女团舞台搭配，短款上衣和短裙/短裤保证比例，运动鞋提升动作完成度。,
g-i-dle-super-lady,Super Lady,(G)I-DLE,K-pop,Super Lady|super lady|(G)I-DLE Super Lady|Super Lady (G)I-DLE|superlady,甜酷|K-pop|舞台,练舞房|舞台|日常,短款上衣|短裙|运动鞋|发饰,,,标准 K-pop 女团舞台搭配，短款上衣和短裙/短裤保证比例，运动鞋提升动作完成度。,
g-i-dle-fate,Fate,(G)I-DLE,K-pop,Fate|fate|(G)I-DLE Fate|Fate (G)I-DLE,甜酷|K-pop|舞台,练舞房|舞台|日常,短款上衣|短裙|运动鞋|发饰,,,标准 K-pop 女团舞台搭配，短款上衣和短裙/短裤保证比例，运动鞋提升动作完成度。,
g-i-dle-klaxon,Klaxon,(G)I-DLE,K-pop,Klaxon|klaxon|(G)I-DLE Klaxon|Klaxon (G)I-DLE,甜酷|K-pop|舞台,练舞房|舞台|日常,短款上衣|短裙|运动鞋|发饰,,,标准 K-pop 女团舞台搭配，短款上衣和短裙/短裤保证比例，运动鞋提升动作完成度。,
g-i-dle-my-bag,My Bag,(G)I-DLE,K-pop,My Bag|my bag|(G)I-DLE My Bag|My Bag (G)I-DLE|mybag,甜酷|K-pop|舞台,练舞房|舞台|日常,短款上衣|短裙|运动鞋|发饰,,,标准 K-pop 女团舞台搭配，短款上衣和短裙/短裤保证比例，运动鞋提升动作完成度。,
g-i-dle-villain-dies,Villain Dies,(G)I-DLE,K-pop,Villain Dies|villain dies|(G)I-DLE Villain Dies|Villain Dies (G)I-DLE|villaindies,甜酷|K-pop|舞台,练舞房|舞台|日常,短款上衣|短裙|运动鞋|发饰,,,标准 K-pop 女团舞台搭配，短款上衣和短裙/短裤保证比例，运动鞋提升动作完成度。,
g-i-dle-already,Already,(G)I-DLE,K-pop,Already|already|(G)I-DLE Already|Already (G)I-DLE,甜酷|K-pop|舞台,练舞房|舞台|日常,短款上衣|短裙|运动鞋|发饰,,,标准 K-pop 女团舞台搭配，短款上衣和短裙/短裤保证比例，运动鞋提升动作完成度。,
g-i-dle-polaroid,Polaroid,(G)I-DLE,K-pop,Polaroid|polaroid|(G)I-DLE Polaroid|Polaroid (G)I-DLE,甜酷|K-pop|舞台,练舞房|舞台|日常,短款上衣|短裙|运动鞋|发饰,,,标准 K-pop 女团舞台搭配，短款上衣和短裙/短裤保证比例，运动鞋提升动作完成度。,
g-i-dle-escape,Escape,(G)I-DLE,K-pop,Escape|escape|(G)I-DLE Escape|Escape (G)I-DLE,甜酷|K-pop|舞台,练舞房|舞台|日常,短款上衣|短裙|运动鞋|发饰,,,标准 K-pop 女团舞台搭配，短款上衣和短裙/短裤保证比例，运动鞋提升动作完成度。,
g-i-dle-never-stop-me,Never Stop Me,(G)I-DLE,K-pop,Never Stop Me|never stop me|(G)I-DLE Never Stop Me|Never Stop Me (G)I-DLE|neverstopme,甜酷|K-pop|舞台,练舞房|舞台|日常,短款上衣|短裙|运动鞋|发饰,,,标准 K-pop 女团舞台搭配，短款上衣和短裙/短裤保证比例，运动鞋提升动作完成度。,
g-i-dle-change,Change,(G)I-DLE,K-pop,Change|change|(G)I-DLE Change|Change (G)I-DLE,甜酷|K-pop|舞台,练舞房|舞台|日常,短款上衣|短裙|运动鞋|发饰,,,标准 K-pop 女团舞台搭配，短款上衣和短裙/短裤保证比例，运动鞋提升动作完成度。,
g-i-dle-reset,Reset,(G)I-DLE,K-pop,Reset|reset|(G)I-DLE Reset|Reset (G)I-DLE,甜酷|K-pop|舞台,练舞房|舞台|日常,短款上衣|短裙|运动鞋|发饰,,,标准 K-pop 女团舞台搭配，短款上衣和短裙/短裤保证比例，运动鞋提升动作完成度。,
g-i-dle-sculpture,Sculpture,(G)I-DLE,K-pop,Sculpture|sculpture|(G)I-DLE Sculpture|Sculpture (G)I-DLE,甜酷|K-pop|舞台,练舞房|舞台|日常,短款上衣|短裙|运动鞋|发饰,,,标准 K-pop 女团舞台搭配，短款上衣和短裙/短裤保证比例，运动鞋提升动作完成度。,
g-i-dle-dark-x-file,Dark (X-file),(G)I-DLE,K-pop,Dark (X-file)|dark (x-file)|(G)I-DLE Dark (X-file)|Dark (X-file) (G)I-DLE|dark(x-file),甜酷|K-pop|舞台,练舞房|舞台|日常,短款上衣|短裙|运动鞋|发饰,,,标准 K-pop 女团舞台搭配，短款上衣和短裙/短裤保证比例，运动鞋提升动作完成度。,
g-i-dle-allergy,Allergy,(G)I-DLE,K-pop,Allergy|allergy|(G)I-DLE Allergy|Allergy (G)I-DLE,甜酷|K-pop|舞台,练舞房|舞台|日常,短款上衣|短裙|运动鞋|发饰,,,标准 K-pop 女团舞台搭配，短款上衣和短裙/短裤保证比例，运动鞋提升动作完成度。,
g-i-dle-lucid,Lucid,(G)I-DLE,K-pop,Lucid|lucid|(G)I-DLE Lucid|Lucid (G)I-DLE,甜酷|K-pop|舞台,练舞房|舞台|日常,短款上衣|短裙|运动鞋|发饰,,,标准 K-pop 女团舞台搭配，短款上衣和短裙/短裤保证比例，运动鞋提升动作完成度。,
g-i-dle-all-night,All Night,(G)I-DLE,K-pop,All Night|all night|(G)I-DLE All Night|All Night (G)I-DLE|allnight,甜酷|K-pop|舞台,练舞房|舞台|日常,短款上衣|短裙|运动鞋|发饰,,,标准 K-pop 女团舞台搭配，短款上衣和短裙/短裤保证比例，运动鞋提升动作完成度。,
g-i-dle-paradise,Paradise,(G)I-DLE,K-pop,Paradise|paradise|(G)I-DLE Paradise|Paradise (G)I-DLE,甜酷|K-pop|舞台,练舞房|舞台|日常,短款上衣|短裙|运动鞋|发饰,,,标准 K-pop 女团舞台搭配，短款上衣和短裙/短裤保证比例，运动鞋提升动作完成度。,
g-i-dle-peter-pan,Peter Pan,(G)I-DLE,K-pop,Peter Pan|peter pan|(G)I-DLE Peter Pan|Peter Pan (G)I-DLE|peterpan,甜酷|K-pop|舞台,练舞房|舞台|日常,短款上衣|短裙|运动鞋|发饰,,,标准 K-pop 女团舞台搭配，短款上衣和短裙/短裤保证比例，运动鞋提升动作完成度。,
g-i-dle-doll,Doll,(G)I-DLE,K-pop,Doll|doll|(G)I-DLE Doll|Doll (G)I-DLE,甜酷|K-pop|舞台,练舞房|舞台|日常,短款上衣|短裙|运动鞋|发饰,,,标准 K-pop 女团舞台搭配，短款上衣和短裙/短裤保证比例，运动鞋提升动作完成度。,
g-i-dle-vision,Vision,(G)I-DLE,K-pop,Vision|vision|(G)I-DLE Vision|Vision (G)I-DLE,甜酷|K-pop|舞台,练舞房|舞台|日常,短款上衣|短裙|运动鞋|发饰,,,标准 K-pop 女团舞台搭配，短款上衣和短裙/短裤保证比例，运动鞋提升动作完成度。,
g-i-dle-7days,7Days,(G)I-DLE,K-pop,7Days|7days|(G)I-DLE 7Days|7Days (G)I-DLE,甜酷|K-pop|舞台,练舞房|舞台|日常,短款上衣|短裙|运动鞋|发饰,,,标准 K-pop 女团舞台搭配，短款上衣和短裙/短裤保证比例，运动鞋提升动作完成度。,
g-i-dle-revenge,Revenge,(G)I-DLE,K-pop,Revenge|revenge|(G)I-DLE Revenge|Revenge (G)I-DLE,甜酷|K-pop|舞台,练舞房|舞台|日常,短款上衣|短裙|运动鞋|发饰,,,标准 K-pop 女团舞台搭配，短款上衣和短裙/短裤保证比例，运动鞋提升动作完成度。,
g-i-dle-i-want-that,I Want That,(G)I-DLE,K-pop,I Want That|i want that|(G)I-DLE I Want That|I Want That (G)I-DLE|iwantthat,甜酷|K-pop|舞台,练舞房|舞台|日常,短款上衣|短裙|运动鞋|发饰,,,标准 K-pop 女团舞台搭配，短款上衣和短裙/短裤保证比例，运动鞋提升动作完成度。,
g-i-dle-i-do,I Do,(G)I-DLE,K-pop,I Do|i do|(G)I-DLE I Do|I Do (G)I-DLE|ido,甜酷|K-pop|舞台,练舞房|舞台|日常,短款上衣|短裙|运动鞋|发饰,,,标准 K-pop 女团舞台搭配，短款上衣和短裙/短裤保证比例，运动鞋提升动作完成度。,
g-i-dle-eyes-roll,Eyes Roll,(G)I-DLE,K-pop,Eyes Roll|eyes roll|(G)I-DLE Eyes Roll|Eyes Roll (G)I-DLE|eyesroll,甜酷|K-pop|舞台,练舞房|舞台|日常,短款上衣|短裙|运动鞋|发饰,,,标准 K-pop 女团舞台搭配，短款上衣和短裙/短裤保证比例，运动鞋提升动作完成度。,
g-i-dle-maze,Maze,(G)I-DLE,K-pop,Maze|maze|(G)I-DLE Maze|Maze (G)I-DLE,甜酷|K-pop|舞台,练舞房|舞台|日常,短款上衣|短裙|运动鞋|发饰,,,标准 K-pop 女团舞台搭配，短款上衣和短裙/短裤保证比例，运动鞋提升动作完成度。,
g-i-dle-what-s-in-your-house,What's in Your House?,(G)I-DLE,K-pop,What's in Your House?|what's in your house?|(G)I-DLE What's in Your House?|What's in Your House? (G)I-DLE|what'sinyourhouse?,甜酷|K-pop|舞台,练舞房|舞台|日常,短款上衣|短裙|运动鞋|发饰,,,标准 K-pop 女团舞台搭配，短款上衣和短裙/短裤保证比例，运动鞋提升动作完成度。,
g-i-dle-don-t-text-me,Don't Text Me,(G)I-DLE,K-pop,Don't Text Me|don't text me|(G)I-DLE Don't Text Me|Don't Text Me (G)I-DLE|don'ttextme,甜酷|K-pop|舞台,练舞房|舞台|日常,短款上衣|短裙|运动鞋|发饰,,,标准 K-pop 女团舞台搭配，短款上衣和短裙/短裤保证比例，运动鞋提升动作完成度。,
g-i-dle,$$$,(G)I-DLE,K-pop,$$$|(G)I-DLE $$$|$$$ (G)I-DLE,甜酷|K-pop|舞台,练舞房|舞台|日常,短款上衣|短裙|运动鞋|发饰,,,标准 K-pop 女团舞台搭配，短款上衣和短裙/短裤保证比例，运动鞋提升动作完成度。,
g-i-dle-put-it-straight,Put It Straight,(G)I-DLE,K-pop,Put It Straight|put it straight|(G)I-DLE Put It Straight|Put It Straight (G)I-DLE|putitstraight,甜酷|K-pop|舞台,练舞房|舞台|日常,短款上衣|短裙|运动鞋|发饰,,,标准 K-pop 女团舞台搭配，短款上衣和短裙/短裤保证比例，运动鞋提升动作完成度。,
g-i-dle-give-me-your,Give Me Your,(G)I-DLE,K-pop,Give Me Your|give me your|(G)I-DLE Give Me Your|Give Me Your (G)I-DLE|givemeyour,甜酷|K-pop|舞台,练舞房|舞台|日常,短款上衣|短裙|运动鞋|发饰,,,标准 K-pop 女团舞台搭配，短款上衣和短裙/短裤保证比例，运动鞋提升动作完成度。,
g-i-dle-blow-your-mind,Blow Your Mind,(G)I-DLE,K-pop,Blow Your Mind|blow your mind|(G)I-DLE Blow Your Mind|Blow Your Mind (G)I-DLE|blowyourmind,甜酷|K-pop|舞台,练舞房|舞台|日常,短款上衣|短裙|运动鞋|发饰,,,标准 K-pop 女团舞台搭配，短款上衣和短裙/短裤保证比例，运动鞋提升动作完成度。,
g-i-dle-maybe,Maybe,(G)I-DLE,K-pop,Maybe|maybe|(G)I-DLE Maybe|Maybe (G)I-DLE,甜酷|K-pop|舞台,练舞房|舞台|日常,短款上衣|短裙|运动鞋|发饰,,,标准 K-pop 女团舞台搭配，短款上衣和短裙/短裤保证比例，运动鞋提升动作完成度。,
g-i-dle-luv-u,Luv U,(G)I-DLE,K-pop,Luv U|luv u|(G)I-DLE Luv U|Luv U (G)I-DLE|luvu,甜酷|K-pop|舞台,练舞房|舞台|日常,短款上衣|短裙|运动鞋|发饰,,,标准 K-pop 女团舞台搭配，短款上衣和短裙/短裤保证比例，运动鞋提升动作完成度。,
g-i-dle-moon,Moon,(G)I-DLE,K-pop,Moon|moon|(G)I-DLE Moon|Moon (G)I-DLE,甜酷|K-pop|舞台,练舞房|舞台|日常,短款上衣|短裙|运动鞋|发饰,,,标准 K-pop 女团舞台搭配，短款上衣和短裙/短裤保证比例，运动鞋提升动作完成度。,
g-i-dle-where-is-love,Where Is Love,(G)I-DLE,K-pop,Where Is Love|where is love|(G)I-DLE Where Is Love|Where Is Love (G)I-DLE|whereislove,甜酷|K-pop|舞台,练舞房|舞台|日常,短款上衣|短裙|运动鞋|发饰,,,标准 K-pop 女团舞台搭配，短款上衣和短裙/短裤保证比例，运动鞋提升动作完成度。,
g-i-dle-lost,Lost,(G)I-DLE,K-pop,Lost|lost|(G)I-DLE Lost|Lost (G)I-DLE,甜酷|K-pop|舞台,练舞房|舞台|日常,短款上衣|短裙|运动鞋|发饰,,,标准 K-pop 女团舞台搭配，短款上衣和短裙/短裤保证比例，运动鞋提升动作完成度。,
g-i-dle-dahlia,Dahlia,(G)I-DLE,K-pop,Dahlia|dahlia|(G)I-DLE Dahlia|Dahlia (G)I-DLE,甜酷|K-pop|舞台,练舞房|舞台|日常,短款上衣|短裙|运动鞋|发饰,,,标准 K-pop 女团舞台搭配，短款上衣和短裙/短裤保证比例，运动鞋提升动作完成度。,
g-i-dle-last-dance,Last Dance,(G)I-DLE,K-pop,Last Dance|last dance|(G)I-DLE Last Dance|Last Dance (G)I-DLE|lastdance,甜酷|K-pop|舞台,练舞房|舞台|日常,短款上衣|短裙|运动鞋|发饰,,,标准 K-pop 女团舞台搭配，短款上衣和短裙/短裤保证比例，运动鞋提升动作完成度。,
g-i-dle-relay,Relay,(G)I-DLE,K-pop,Relay|relay|(G)I-DLE Relay|Relay (G)I-DLE,甜酷|K-pop|舞台,练舞房|舞台|日常,短款上衣|短裙|运动鞋|发饰,,,标准 K-pop 女团舞台搭配，短款上衣和短裙/短裤保证比例，运动鞋提升动作完成度。,
g-i-dle-i-m-the-trend,I'm the Trend,(G)I-DLE,K-pop,I'm the Trend|i'm the trend|(G)I-DLE I'm the Trend|I'm the Trend (G)I-DLE|i'mthetrend,甜酷|K-pop|舞台,练舞房|舞台|日常,短款上衣|短裙|运动鞋|发饰,,,标准 K-pop 女团舞台搭配，短款上衣和短裙/短裤保证比例，运动鞋提升动作完成度。,
blackpink-boombayah,Boombayah,BLACKPINK,K-pop,Boombayah|boombayah|BLACKPINK Boombayah|Boombayah BLACKPINK,辣妹|强势|嘻哈,练舞房|舞台|日常,短款上衣|黑色|皮革|工装裤|长靴|金属配饰,过甜|软糯|浅色小清新,,强势嘻哈舞台感，适合短款上衣、黑色皮革/工装下装、长靴和金属配饰，突出大动作和镜头气场。,
blackpink-whistle,Whistle,BLACKPINK,K-pop,Whistle|whistle|BLACKPINK Whistle|Whistle BLACKPINK,辣妹|强势|嘻哈,练舞房|舞台|日常,短款上衣|黑色|皮革|工装裤|长靴|金属配饰,过甜|软糯|浅色小清新,,强势嘻哈舞台感，适合短款上衣、黑色皮革/工装下装、长靴和金属配饰，突出大动作和镜头气场。,
blackpink-playing-with-fire,Playing With Fire,BLACKPINK,K-pop,Playing With Fire|playing with fire|BLACKPINK Playing With Fire|Playing With Fire BLACKPINK|playingwithfire,辣妹|强势|嘻哈,练舞房|舞台|日常,短款上衣|黑色|皮革|工装裤|长靴|金属配饰,过甜|软糯|浅色小清新,,强势嘻哈舞台感，适合短款上衣、黑色皮革/工装下装、长靴和金属配饰，突出大动作和镜头气场。,
blackpink-stay,Stay,BLACKPINK,K-pop,Stay|stay|BLACKPINK Stay|Stay BLACKPINK,辣妹|强势|嘻哈,练舞房|舞台|日常,短款上衣|黑色|皮革|工装裤|长靴|金属配饰,过甜|软糯|浅色小清新,,强势嘻哈舞台感，适合短款上衣、黑色皮革/工装下装、长靴和金属配饰，突出大动作和镜头气场。,
blackpink-as-if-it-s-your-last,As If It's Your Last,BLACKPINK,K-pop,As If It's Your Last|as if it's your last|BLACKPINK As If It's Your Last|As If It's Your Last BLACKPINK|asifit'syourlast,辣妹|强势|嘻哈,练舞房|舞台|日常,短款上衣|黑色|皮革|工装裤|长靴|金属配饰,过甜|软糯|浅色小清新,,强势嘻哈舞台感，适合短款上衣、黑色皮革/工装下装、长靴和金属配饰，突出大动作和镜头气场。,
blackpink-ddu-du-ddu-du,Ddu-Du Ddu-Du,BLACKPINK,K-pop,Ddu-Du Ddu-Du|ddu-du ddu-du|BLACKPINK Ddu-Du Ddu-Du|Ddu-Du Ddu-Du BLACKPINK|ddu-duddu-du,辣妹|强势|嘻哈,练舞房|舞台|日常,短款上衣|黑色|皮革|工装裤|长靴|金属配饰,过甜|软糯|浅色小清新,,强势嘻哈舞台感，适合短款上衣、黑色皮革/工装下装、长靴和金属配饰，突出大动作和镜头气场。,
blackpink-forever-young,Forever Young,BLACKPINK,K-pop,Forever Young|forever young|BLACKPINK Forever Young|Forever Young BLACKPINK|foreveryoung,辣妹|强势|嘻哈,练舞房|舞台|日常,短款上衣|黑色|皮革|工装裤|长靴|金属配饰,过甜|软糯|浅色小清新,,强势嘻哈舞台感，适合短款上衣、黑色皮革/工装下装、长靴和金属配饰，突出大动作和镜头气场。,
blackpink-really,Really,BLACKPINK,K-pop,Really|really|BLACKPINK Really|Really BLACKPINK,辣妹|强势|嘻哈,练舞房|舞台|日常,短款上衣|黑色|皮革|工装裤|长靴|金属配饰,过甜|软糯|浅色小清新,,强势嘻哈舞台感，适合短款上衣、黑色皮革/工装下装、长靴和金属配饰，突出大动作和镜头气场。,
blackpink-see-u-later,See U Later,BLACKPINK,K-pop,See U Later|see u later|BLACKPINK See U Later|See U Later BLACKPINK|seeulater,辣妹|强势|嘻哈,练舞房|舞台|日常,短款上衣|黑色|皮革|工装裤|长靴|金属配饰,过甜|软糯|浅色小清新,,强势嘻哈舞台感，适合短款上衣、黑色皮革/工装下装、长靴和金属配饰，突出大动作和镜头气场。,
blackpink-don-t-know-what-to-do,Don't Know What To Do,BLACKPINK,K-pop,Don't Know What To Do|don't know what to do|BLACKPINK Don't Know What To Do|Don't Know What To Do BLACKPINK|don'tknowwhattodo,辣妹|强势|嘻哈,练舞房|舞台|日常,短款上衣|黑色|皮革|工装裤|长靴|金属配饰,过甜|软糯|浅色小清新,,强势嘻哈舞台感，适合短款上衣、黑色皮革/工装下装、长靴和金属配饰，突出大动作和镜头气场。,
blackpink-kick-it,Kick It,BLACKPINK,K-pop,Kick It|kick it|BLACKPINK Kick It|Kick It BLACKPINK|kickit,辣妹|强势|嘻哈,练舞房|舞台|日常,短款上衣|黑色|皮革|工装裤|长靴|金属配饰,过甜|软糯|浅色小清新,,强势嘻哈舞台感，适合短款上衣、黑色皮革/工装下装、长靴和金属配饰，突出大动作和镜头气场。,
blackpink-hope-not,Hope Not,BLACKPINK,K-pop,Hope Not|hope not|BLACKPINK Hope Not|Hope Not BLACKPINK|hopenot,辣妹|强势|嘻哈,练舞房|舞台|日常,短款上衣|黑色|皮革|工装裤|长靴|金属配饰,过甜|软糯|浅色小清新,,强势嘻哈舞台感，适合短款上衣、黑色皮革/工装下装、长靴和金属配饰，突出大动作和镜头气场。,
blackpink-how-you-like-that,How You Like That,BLACKPINK,K-pop,How You Like That|how you like that|BLACKPINK How You Like That|How You Like That BLACKPINK|howyoulikethat,辣妹|强势|嘻哈,练舞房|舞台|日常,短款上衣|黑色|皮革|工装裤|长靴|金属配饰,过甜|软糯|浅色小清新,,强势嘻哈舞台感，适合短款上衣、黑色皮革/工装下装、长靴和金属配饰，突出大动作和镜头气场。,
blackpink-ice-cream,Ice Cream,BLACKPINK,K-pop,Ice Cream|ice cream|BLACKPINK Ice Cream|Ice Cream BLACKPINK|icecream,辣妹|强势|嘻哈,练舞房|舞台|日常,短款上衣|黑色|皮革|工装裤|长靴|金属配饰,过甜|软糯|浅色小清新,,强势嘻哈舞台感，适合短款上衣、黑色皮革/工装下装、长靴和金属配饰，突出大动作和镜头气场。,
blackpink-pretty-savage,Pretty Savage,BLACKPINK,K-pop,Pretty Savage|pretty savage|BLACKPINK Pretty Savage|Pretty Savage BLACKPINK|prettysavage,辣妹|强势|嘻哈,练舞房|舞台|日常,短款上衣|黑色|皮革|工装裤|长靴|金属配饰,过甜|软糯|浅色小清新,,强势嘻哈舞台感，适合短款上衣、黑色皮革/工装下装、长靴和金属配饰，突出大动作和镜头气场。,
blackpink-bet-you-wanna,Bet You Wanna,BLACKPINK,K-pop,Bet You Wanna|bet you wanna|BLACKPINK Bet You Wanna|Bet You Wanna BLACKPINK|betyouwanna,辣妹|强势|嘻哈,练舞房|舞台|日常,短款上衣|黑色|皮革|工装裤|长靴|金属配饰,过甜|软糯|浅色小清新,,强势嘻哈舞台感，适合短款上衣、黑色皮革/工装下装、长靴和金属配饰，突出大动作和镜头气场。,
blackpink-lovesick-girls,Lovesick Girls,BLACKPINK,K-pop,Lovesick Girls|lovesick girls|BLACKPINK Lovesick Girls|Lovesick Girls BLACKPINK|lovesickgirls,辣妹|强势|嘻哈,练舞房|舞台|日常,短款上衣|黑色|皮革|工装裤|长靴|金属配饰,过甜|软糯|浅色小清新,,强势嘻哈舞台感，适合短款上衣、黑色皮革/工装下装、长靴和金属配饰，突出大动作和镜头气场。,
blackpink-crazy-over-you,Crazy Over You,BLACKPINK,K-pop,Crazy Over You|crazy over you|BLACKPINK Crazy Over You|Crazy Over You BLACKPINK|crazyoveryou,辣妹|强势|嘻哈,练舞房|舞台|日常,短款上衣|黑色|皮革|工装裤|长靴|金属配饰,过甜|软糯|浅色小清新,,强势嘻哈舞台感，适合短款上衣、黑色皮革/工装下装、长靴和金属配饰，突出大动作和镜头气场。,
blackpink-love-to-hate-me,Love To Hate Me,BLACKPINK,K-pop,Love To Hate Me|love to hate me|BLACKPINK Love To Hate Me|Love To Hate Me BLACKPINK|lovetohateme,辣妹|强势|嘻哈,练舞房|舞台|日常,短款上衣|黑色|皮革|工装裤|长靴|金属配饰,过甜|软糯|浅色小清新,,强势嘻哈舞台感，适合短款上衣、黑色皮革/工装下装、长靴和金属配饰，突出大动作和镜头气场。,
blackpink-you-never-know,You Never Know,BLACKPINK,K-pop,You Never Know|you never know|BLACKPINK You Never Know|You Never Know BLACKPINK|youneverknow,辣妹|强势|嘻哈,练舞房|舞台|日常,短款上衣|黑色|皮革|工装裤|长靴|金属配饰,过甜|软糯|浅色小清新,,强势嘻哈舞台感，适合短款上衣、黑色皮革/工装下装、长靴和金属配饰，突出大动作和镜头气场。,
blackpink-pink-venom,Pink Venom,BLACKPINK,K-pop,Pink Venom|pink venom|BLACKPINK Pink Venom|Pink Venom BLACKPINK|pinkvenom,辣妹|强势|嘻哈,练舞房|舞台|日常,短款上衣|黑色|皮革|工装裤|长靴|金属配饰,过甜|软糯|浅色小清新,,强势嘻哈舞台感，适合短款上衣、黑色皮革/工装下装、长靴和金属配饰，突出大动作和镜头气场。,
blackpink-shut-down,Shut Down,BLACKPINK,K-pop,Shut Down|shut down|BLACKPINK Shut Down|Shut Down BLACKPINK|shutdown,辣妹|强势|嘻哈,练舞房|舞台|日常,短款上衣|黑色|皮革|工装裤|长靴|金属配饰,过甜|软糯|浅色小清新,,强势嘻哈舞台感，适合短款上衣、黑色皮革/工装下装、长靴和金属配饰，突出大动作和镜头气场。,
blackpink-typa-girl,Typa Girl,BLACKPINK,K-pop,Typa Girl|typa girl|BLACKPINK Typa Girl|Typa Girl BLACKPINK|typagirl,辣妹|强势|嘻哈,练舞房|舞台|日常,短款上衣|黑色|皮革|工装裤|长靴|金属配饰,过甜|软糯|浅色小清新,,强势嘻哈舞台感，适合短款上衣、黑色皮革/工装下装、长靴和金属配饰，突出大动作和镜头气场。,
blackpink-yeah-yeah-yeah,Yeah Yeah Yeah,BLACKPINK,K-pop,Yeah Yeah Yeah|yeah yeah yeah|BLACKPINK Yeah Yeah Yeah|Yeah Yeah Yeah BLACKPINK|yeahyeahyeah,辣妹|强势|嘻哈,练舞房|舞台|日常,短款上衣|黑色|皮革|工装裤|长靴|金属配饰,过甜|软糯|浅色小清新,,强势嘻哈舞台感，适合短款上衣、黑色皮革/工装下装、长靴和金属配饰，突出大动作和镜头气场。,
blackpink-hard-to-love,Hard To Love,BLACKPINK,K-pop,Hard To Love|hard to love|BLACKPINK Hard To Love|Hard To Love BLACKPINK|hardtolove,辣妹|强势|嘻哈,练舞房|舞台|日常,短款上衣|黑色|皮革|工装裤|长靴|金属配饰,过甜|软糯|浅色小清新,,强势嘻哈舞台感，适合短款上衣、黑色皮革/工装下装、长靴和金属配饰，突出大动作和镜头气场。,
blackpink-the-happiest-girl,The Happiest Girl,BLACKPINK,K-pop,The Happiest Girl|the happiest girl|BLACKPINK The Happiest Girl|The Happiest Girl BLACKPINK|thehappiestgirl,辣妹|强势|嘻哈,练舞房|舞台|日常,短款上衣|黑色|皮革|工装裤|长靴|金属配饰,过甜|软糯|浅色小清新,,强势嘻哈舞台感，适合短款上衣、黑色皮革/工装下装、长靴和金属配饰，突出大动作和镜头气场。,
blackpink-tally,Tally,BLACKPINK,K-pop,Tally|tally|BLACKPINK Tally|Tally BLACKPINK,辣妹|强势|嘻哈,练舞房|舞台|日常,短款上衣|黑色|皮革|工装裤|长靴|金属配饰,过甜|软糯|浅色小清新,,强势嘻哈舞台感，适合短款上衣、黑色皮革/工装下装、长靴和金属配饰，突出大动作和镜头气场。,
blackpink-ready-for-love,Ready For Love,BLACKPINK,K-pop,Ready For Love|ready for love|BLACKPINK Ready For Love|Ready For Love BLACKPINK|readyforlove,辣妹|强势|嘻哈,练舞房|舞台|日常,短款上衣|黑色|皮革|工装裤|长靴|金属配饰,过甜|软糯|浅色小清新,,强势嘻哈舞台感，适合短款上衣、黑色皮革/工装下装、长靴和金属配饰，突出大动作和镜头气场。,
blackpink-jump,Jump,BLACKPINK,K-pop,Jump|jump|BLACKPINK Jump|Jump BLACKPINK,辣妹|强势|嘻哈,练舞房|舞台|日常,短款上衣|黑色|皮革|工装裤|长靴|金属配饰,过甜|软糯|浅色小清新,,强势嘻哈舞台感，适合短款上衣、黑色皮革/工装下装、长靴和金属配饰，突出大动作和镜头气场。,
babymonster-batter-up,Batter Up,BABYMONSTER,K-pop,Batter Up|batter up|BABYMONSTER Batter Up|Batter Up BABYMONSTER|batterup,辣妹|强势|嘻哈,练舞房|舞台|日常,短款上衣|黑色|皮革|工装裤|长靴|金属配饰,过甜|软糯|浅色小清新,,强势嘻哈舞台感，适合短款上衣、黑色皮革/工装下装、长靴和金属配饰，突出大动作和镜头气场。,
babymonster-stuck-in-the-middle,Stuck In The Middle,BABYMONSTER,K-pop,Stuck In The Middle|stuck in the middle|BABYMONSTER Stuck In The Middle|Stuck In The Middle BABYMONSTER|stuckinthemiddle,辣妹|强势|嘻哈,练舞房|舞台|日常,短款上衣|黑色|皮革|工装裤|长靴|金属配饰,过甜|软糯|浅色小清新,,强势嘻哈舞台感，适合短款上衣、黑色皮革/工装下装、长靴和金属配饰，突出大动作和镜头气场。,
babymonster-sheesh,Sheesh,BABYMONSTER,K-pop,Sheesh|sheesh|BABYMONSTER Sheesh|Sheesh BABYMONSTER,辣妹|强势|嘻哈,练舞房|舞台|日常,短款上衣|黑色|皮革|工装裤|长靴|金属配饰,过甜|软糯|浅色小清新,,强势嘻哈舞台感，适合短款上衣、黑色皮革/工装下装、长靴和金属配饰，突出大动作和镜头气场。,
babymonster-like-that,Like That,BABYMONSTER,K-pop,Like That|like that|BABYMONSTER Like That|Like That BABYMONSTER|likethat,辣妹|强势|嘻哈,练舞房|舞台|日常,短款上衣|黑色|皮革|工装裤|长靴|金属配饰,过甜|软糯|浅色小清新,,强势嘻哈舞台感，适合短款上衣、黑色皮革/工装下装、长靴和金属配饰，突出大动作和镜头气场。,
babymonster-forever,Forever,BABYMONSTER,K-pop,Forever|forever|BABYMONSTER Forever|Forever BABYMONSTER,辣妹|强势|嘻哈,练舞房|舞台|日常,短款上衣|黑色|皮革|工装裤|长靴|金属配饰,过甜|软糯|浅色小清新,,强势嘻哈舞台感，适合短款上衣、黑色皮革/工装下装、长靴和金属配饰，突出大动作和镜头气场。,
babymonster-clik-clak,Clik Clak,BABYMONSTER,K-pop,Clik Clak|clik clak|BABYMONSTER Clik Clak|Clik Clak BABYMONSTER|clikclak,辣妹|强势|嘻哈,练舞房|舞台|日常,短款上衣|黑色|皮革|工装裤|长靴|金属配饰,过甜|软糯|浅色小清新,,强势嘻哈舞台感，适合短款上衣、黑色皮革/工装下装、长靴和金属配饰，突出大动作和镜头气场。,
babymonster-drip,Drip,BABYMONSTER,K-pop,Drip|drip|BABYMONSTER Drip|Drip BABYMONSTER,辣妹|强势|嘻哈,练舞房|舞台|日常,短款上衣|黑色|皮革|工装裤|长靴|金属配饰,过甜|软糯|浅色小清新,,强势嘻哈舞台感，适合短款上衣、黑色皮革/工装下装、长靴和金属配饰，突出大动作和镜头气场。,
babymonster-love-in-my-heart,Love In My Heart,BABYMONSTER,K-pop,Love In My Heart|love in my heart|BABYMONSTER Love In My Heart|Love In My Heart BABYMONSTER|loveinmyheart,辣妹|强势|嘻哈,练舞房|舞台|日常,短款上衣|黑色|皮革|工装裤|长靴|金属配饰,过甜|软糯|浅色小清新,,强势嘻哈舞台感，适合短款上衣、黑色皮革/工装下装、长靴和金属配饰，突出大动作和镜头气场。,
babymonster-really-like-you,Really Like You,BABYMONSTER,K-pop,Really Like You|really like you|BABYMONSTER Really Like You|Really Like You BABYMONSTER|reallylikeyou,辣妹|强势|嘻哈,练舞房|舞台|日常,短款上衣|黑色|皮革|工装裤|长靴|金属配饰,过甜|软糯|浅色小清新,,强势嘻哈舞台感，适合短款上衣、黑色皮革/工装下装、长靴和金属配饰，突出大动作和镜头气场。,
babymonster-billionaire,Billionaire,BABYMONSTER,K-pop,Billionaire|billionaire|BABYMONSTER Billionaire|Billionaire BABYMONSTER,辣妹|强势|嘻哈,练舞房|舞台|日常,短款上衣|黑色|皮革|工装裤|长靴|金属配饰,过甜|软糯|浅色小清新,,强势嘻哈舞台感，适合短款上衣、黑色皮革/工装下装、长靴和金属配饰，突出大动作和镜头气场。,
babymonster-woke-up-in-tokyo,Woke Up In Tokyo,BABYMONSTER,K-pop,Woke Up In Tokyo|woke up in tokyo|BABYMONSTER Woke Up In Tokyo|Woke Up In Tokyo BABYMONSTER|wokeupintokyo,辣妹|强势|嘻哈,练舞房|舞台|日常,短款上衣|黑色|皮革|工装裤|长靴|金属配饰,过甜|软糯|浅色小清新,,强势嘻哈舞台感，适合短款上衣、黑色皮革/工装下装、长靴和金属配饰，突出大动作和镜头气场。,
babymonster-hot-sauce,Hot Sauce,BABYMONSTER,K-pop,Hot Sauce|hot sauce|BABYMONSTER Hot Sauce|Hot Sauce BABYMONSTER|hotsauce,辣妹|强势|嘻哈,练舞房|舞台|日常,短款上衣|黑色|皮革|工装裤|长靴|金属配饰,过甜|软糯|浅色小清新,,强势嘻哈舞台感，适合短款上衣、黑色皮革/工装下装、长靴和金属配饰，突出大动作和镜头气场。,
babymonster-monsters,Monsters,BABYMONSTER,K-pop,Monsters|monsters|BABYMONSTER Monsters|Monsters BABYMONSTER,辣妹|强势|嘻哈,练舞房|舞台|日常,短款上衣|黑色|皮革|工装裤|长靴|金属配饰,过甜|软糯|浅色小清新,,强势嘻哈舞台感，适合短款上衣、黑色皮革/工装下装、长靴和金属配饰，突出大动作和镜头气场。,
babymonster-dream,Dream,BABYMONSTER,K-pop,Dream|dream|BABYMONSTER Dream|Dream BABYMONSTER,辣妹|强势|嘻哈,练舞房|舞台|日常,短款上衣|黑色|皮革|工装裤|长靴|金属配饰,过甜|软糯|浅色小清新,,强势嘻哈舞台感，适合短款上衣、黑色皮革/工装下装、长靴和金属配饰，突出大动作和镜头气场。,
le-sserafim-fearless,Fearless,LE SSERAFIM,K-pop,Fearless|fearless|LE SSERAFIM Fearless|Fearless LE SSERAFIM,运动|甜酷|机能,练舞房|舞台|日常,运动背心|工装裙裤|短款夹克|球鞋|护腕|银色配饰,拖地长裙|高跟细跟,,偏练舞房和机能运动路线，适合运动背心、工装裙裤、短夹克和稳固球鞋，兼顾力量感与动作舒展。,
le-sserafim-blue-flame,Blue Flame,LE SSERAFIM,K-pop,Blue Flame|blue flame|LE SSERAFIM Blue Flame|Blue Flame LE SSERAFIM|blueflame,运动|甜酷|机能,练舞房|舞台|日常,运动背心|工装裙裤|短款夹克|球鞋|护腕|银色配饰,拖地长裙|高跟细跟,,偏练舞房和机能运动路线，适合运动背心、工装裙裤、短夹克和稳固球鞋，兼顾力量感与动作舒展。,
le-sserafim-the-great-mermaid,The Great Mermaid,LE SSERAFIM,K-pop,The Great Mermaid|the great mermaid|LE SSERAFIM The Great Mermaid|The Great Mermaid LE SSERAFIM|thegreatmermaid,运动|甜酷|机能,练舞房|舞台|日常,运动背心|工装裙裤|短款夹克|球鞋|护腕|银色配饰,拖地长裙|高跟细跟,,偏练舞房和机能运动路线，适合运动背心、工装裙裤、短夹克和稳固球鞋，兼顾力量感与动作舒展。,
le-sserafim-sour-grapes,Sour Grapes,LE SSERAFIM,K-pop,Sour Grapes|sour grapes|LE SSERAFIM Sour Grapes|Sour Grapes LE SSERAFIM|sourgrapes,运动|甜酷|机能,练舞房|舞台|日常,运动背心|工装裙裤|短款夹克|球鞋|护腕|银色配饰,拖地长裙|高跟细跟,,偏练舞房和机能运动路线，适合运动背心、工装裙裤、短夹克和稳固球鞋，兼顾力量感与动作舒展。,
le-sserafim-antifragile,Antifragile,LE SSERAFIM,K-pop,Antifragile|antifragile|LE SSERAFIM Antifragile|Antifragile LE SSERAFIM,运动|甜酷|机能,练舞房|舞台|日常,运动背心|工装裙裤|短款夹克|球鞋|护腕|银色配饰,拖地长裙|高跟细跟,,偏练舞房和机能运动路线，适合运动背心、工装裙裤、短夹克和稳固球鞋，兼顾力量感与动作舒展。,
le-sserafim-impurities,Impurities,LE SSERAFIM,K-pop,Impurities|impurities|LE SSERAFIM Impurities|Impurities LE SSERAFIM,运动|甜酷|机能,练舞房|舞台|日常,运动背心|工装裙裤|短款夹克|球鞋|护腕|银色配饰,拖地长裙|高跟细跟,,偏练舞房和机能运动路线，适合运动背心、工装裙裤、短夹克和稳固球鞋，兼顾力量感与动作舒展。,
le-sserafim-no-celestial,No Celestial,LE SSERAFIM,K-pop,No Celestial|no celestial|LE SSERAFIM No Celestial|No Celestial LE SSERAFIM|nocelestial,运动|甜酷|机能,练舞房|舞台|日常,运动背心|工装裙裤|短款夹克|球鞋|护腕|银色配饰,拖地长裙|高跟细跟,,偏练舞房和机能运动路线，适合运动背心、工装裙裤、短夹克和稳固球鞋，兼顾力量感与动作舒展。,
le-sserafim-good-parts,Good Parts,LE SSERAFIM,K-pop,Good Parts|good parts|LE SSERAFIM Good Parts|Good Parts LE SSERAFIM|goodparts,运动|甜酷|机能,练舞房|舞台|日常,运动背心|工装裙裤|短款夹克|球鞋|护腕|银色配饰,拖地长裙|高跟细跟,,偏练舞房和机能运动路线，适合运动背心、工装裙裤、短夹克和稳固球鞋，兼顾力量感与动作舒展。,
le-sserafim-unforgiven,Unforgiven,LE SSERAFIM,K-pop,Unforgiven|unforgiven|LE SSERAFIM Unforgiven|Unforgiven LE SSERAFIM,运动|甜酷|机能,练舞房|舞台|日常,运动背心|工装裙裤|短款夹克|球鞋|护腕|银色配饰,拖地长裙|高跟细跟,,偏练舞房和机能运动路线，适合运动背心、工装裙裤、短夹克和稳固球鞋，兼顾力量感与动作舒展。,
le-sserafim-eve-psyche-and-the-bluebeard-s-wife,"Eve, Psyche & The Bluebeard's Wife",LE SSERAFIM,K-pop,"Eve, Psyche & The Bluebeard's Wife|eve, psyche & the bluebeard's wife|LE SSERAFIM Eve, Psyche & The Bluebeard's Wife|Eve, Psyche & The Bluebeard's Wife LE SSERAFIM|eve,psyche&thebluebeard'swife",运动|甜酷|机能,练舞房|舞台|日常,运动背心|工装裙裤|短款夹克|球鞋|护腕|银色配饰,拖地长裙|高跟细跟,,偏练舞房和机能运动路线，适合运动背心、工装裙裤、短夹克和稳固球鞋，兼顾力量感与动作舒展。,
le-sserafim-no-return-into-the-unknown,No-Return (Into the Unknown),LE SSERAFIM,K-pop,No-Return (Into the Unknown)|no-return (into the unknown)|LE SSERAFIM No-Return (Into the Unknown)|No-Return (Into the Unknown) LE SSERAFIM|no-return(intotheunknown),运动|甜酷|机能,练舞房|舞台|日常,运动背心|工装裙裤|短款夹克|球鞋|护腕|银色配饰,拖地长裙|高跟细跟,,偏练舞房和机能运动路线，适合运动背心、工装裙裤、短夹克和稳固球鞋，兼顾力量感与动作舒展。,
le-sserafim-fire-in-the-belly,Fire in the Belly,LE SSERAFIM,K-pop,Fire in the Belly|fire in the belly|LE SSERAFIM Fire in the Belly|Fire in the Belly LE SSERAFIM|fireinthebelly,运动|甜酷|机能,练舞房|舞台|日常,运动背心|工装裙裤|短款夹克|球鞋|护腕|银色配饰,拖地长裙|高跟细跟,,偏练舞房和机能运动路线，适合运动背心、工装裙裤、短夹克和稳固球鞋，兼顾力量感与动作舒展。,
le-sserafim-perfect-night,Perfect Night,LE SSERAFIM,K-pop,Perfect Night|perfect night|LE SSERAFIM Perfect Night|Perfect Night LE SSERAFIM|perfectnight,运动|甜酷|机能,练舞房|舞台|日常,运动背心|工装裙裤|短款夹克|球鞋|护腕|银色配饰,拖地长裙|高跟细跟,,偏练舞房和机能运动路线，适合运动背心、工装裙裤、短夹克和稳固球鞋，兼顾力量感与动作舒展。,
le-sserafim-easy,Easy,LE SSERAFIM,K-pop,Easy|easy|LE SSERAFIM Easy|Easy LE SSERAFIM,运动|甜酷|机能,练舞房|舞台|日常,运动背心|工装裙裤|短款夹克|球鞋|护腕|银色配饰,拖地长裙|高跟细跟,,偏练舞房和机能运动路线，适合运动背心、工装裙裤、短夹克和稳固球鞋，兼顾力量感与动作舒展。,
le-sserafim-smart,Smart,LE SSERAFIM,K-pop,Smart|smart|LE SSERAFIM Smart|Smart LE SSERAFIM,运动|甜酷|机能,练舞房|舞台|日常,运动背心|工装裙裤|短款夹克|球鞋|护腕|银色配饰,拖地长裙|高跟细跟,,偏练舞房和机能运动路线，适合运动背心、工装裙裤、短夹克和稳固球鞋，兼顾力量感与动作舒展。,
le-sserafim-swan-song,Swan Song,LE SSERAFIM,K-pop,Swan Song|swan song|LE SSERAFIM Swan Song|Swan Song LE SSERAFIM|swansong,运动|甜酷|机能,练舞房|舞台|日常,运动背心|工装裙裤|短款夹克|球鞋|护腕|银色配饰,拖地长裙|高跟细跟,,偏练舞房和机能运动路线，适合运动背心、工装裙裤、短夹克和稳固球鞋，兼顾力量感与动作舒展。,
le-sserafim-we-got-so-much,We Got So Much,LE SSERAFIM,K-pop,We Got So Much|we got so much|LE SSERAFIM We Got So Much|We Got So Much LE SSERAFIM|wegotsomuch,运动|甜酷|机能,练舞房|舞台|日常,运动背心|工装裙裤|短款夹克|球鞋|护腕|银色配饰,拖地长裙|高跟细跟,,偏练舞房和机能运动路线，适合运动背心、工装裙裤、短夹克和稳固球鞋，兼顾力量感与动作舒展。,
le-sserafim-crazy,Crazy,LE SSERAFIM,K-pop,Crazy|crazy|LE SSERAFIM Crazy|Crazy LE SSERAFIM,运动|甜酷|机能,练舞房|舞台|日常,运动背心|工装裙裤|短款夹克|球鞋|护腕|银色配饰,拖地长裙|高跟细跟,,偏练舞房和机能运动路线，适合运动背心、工装裙裤、短夹克和稳固球鞋，兼顾力量感与动作舒展。,
le-sserafim-1-800-hot-n-fun,1-800-hot-n-fun,LE SSERAFIM,K-pop,1-800-hot-n-fun|LE SSERAFIM 1-800-hot-n-fun|1-800-hot-n-fun LE SSERAFIM,运动|甜酷|机能,练舞房|舞台|日常,运动背心|工装裙裤|短款夹克|球鞋|护腕|银色配饰,拖地长裙|高跟细跟,,偏练舞房和机能运动路线，适合运动背心、工装裙裤、短夹克和稳固球鞋，兼顾力量感与动作舒展。,
le-sserafim-pierrot,Pierrot,LE SSERAFIM,K-pop,Pierrot|pierrot|LE SSERAFIM Pierrot|Pierrot LE SSERAFIM,运动|甜酷|机能,练舞房|舞台|日常,运动背心|工装裙裤|短款夹克|球鞋|护腕|银色配饰,拖地长裙|高跟细跟,,偏练舞房和机能运动路线，适合运动背心、工装裙裤、短夹克和稳固球鞋，兼顾力量感与动作舒展。,
le-sserafim-crazier,Crazier,LE SSERAFIM,K-pop,Crazier|crazier|LE SSERAFIM Crazier|Crazier LE SSERAFIM,运动|甜酷|机能,练舞房|舞台|日常,运动背心|工装裙裤|短款夹克|球鞋|护腕|银色配饰,拖地长裙|高跟细跟,,偏练舞房和机能运动路线，适合运动背心、工装裙裤、短夹克和稳固球鞋，兼顾力量感与动作舒展。,
le-sserafim-hot,Hot,LE SSERAFIM,K-pop,Hot|hot|LE SSERAFIM Hot|Hot LE SSERAFIM,运动|甜酷|机能,练舞房|舞台|日常,运动背心|工装裙裤|短款夹克|球鞋|护腕|银色配饰,拖地长裙|高跟细跟,,偏练舞房和机能运动路线，适合运动背心、工装裙裤、短夹克和稳固球鞋，兼顾力量感与动作舒展。,
le-sserafim-come-over,Come Over,LE SSERAFIM,K-pop,Come Over|come over|LE SSERAFIM Come Over|Come Over LE SSERAFIM|comeover,运动|甜酷|机能,练舞房|舞台|日常,运动背心|工装裙裤|短款夹克|球鞋|护腕|银色配饰,拖地长裙|高跟细跟,,偏练舞房和机能运动路线，适合运动背心、工装裙裤、短夹克和稳固球鞋，兼顾力量感与动作舒展。,
le-sserafim-ash,Ash,LE SSERAFIM,K-pop,Ash|ash|LE SSERAFIM Ash|Ash LE SSERAFIM,运动|甜酷|机能,练舞房|舞台|日常,运动背心|工装裙裤|短款夹克|球鞋|护腕|银色配饰,拖地长裙|高跟细跟,,偏练舞房和机能运动路线，适合运动背心、工装裙裤、短夹克和稳固球鞋，兼顾力量感与动作舒展。,
le-sserafim-so-cynical-badum,So Cynical (Badum),LE SSERAFIM,K-pop,So Cynical (Badum)|so cynical (badum)|LE SSERAFIM So Cynical (Badum)|So Cynical (Badum) LE SSERAFIM|socynical(badum),运动|甜酷|机能,练舞房|舞台|日常,运动背心|工装裙裤|短款夹克|球鞋|护腕|银色配饰,拖地长裙|高跟细跟,,偏练舞房和机能运动路线，适合运动背心、工装裙裤、短夹克和稳固球鞋，兼顾力量感与动作舒展。,
itzy-boys-like-you,Boys Like You,ITZY,K-pop,Boys Like You|boys like you|ITZY Boys Like You|Boys Like You ITZY|boyslikeyou,运动|甜酷|机能,练舞房|舞台|日常,运动背心|工装裙裤|短款夹克|球鞋|护腕|银色配饰,拖地长裙|高跟细跟,,偏练舞房和机能运动路线，适合运动背心、工装裙裤、短夹克和稳固球鞋，兼顾力量感与动作舒展。,
itzy-blah-blah-blah,Blah Blah Blah,ITZY,K-pop,Blah Blah Blah|blah blah blah|ITZY Blah Blah Blah|Blah Blah Blah ITZY|blahblahblah,运动|甜酷|机能,练舞房|舞台|日常,运动背心|工装裙裤|短款夹克|球鞋|护腕|银色配饰,拖地长裙|高跟细跟,,偏练舞房和机能运动路线，适合运动背心、工装裙裤、短夹克和稳固球鞋，兼顾力量感与动作舒展。,
itzy-trust-me-midzy,Trust Me (MIDZY),ITZY,K-pop,Trust Me (MIDZY)|trust me (midzy)|ITZY Trust Me (MIDZY)|Trust Me (MIDZY) ITZY|trustme(midzy),运动|甜酷|机能,练舞房|舞台|日常,运动背心|工装裙裤|短款夹克|球鞋|护腕|银色配饰,拖地长裙|高跟细跟,,偏练舞房和机能运动路线，适合运动背心、工装裙裤、短夹克和稳固球鞋，兼顾力量感与动作舒展。,
itzy-be-in-love,Be In Love,ITZY,K-pop,Be In Love|be in love|ITZY Be In Love|Be In Love ITZY|beinlove,运动|甜酷|机能,练舞房|舞台|日常,运动背心|工装裙裤|短款夹克|球鞋|护腕|银色配饰,拖地长裙|高跟细跟,,偏练舞房和机能运动路线，适合运动背心、工装裙裤、短夹克和稳固球鞋，兼顾力量感与动作舒展。,
itzy-surf,Surf,ITZY,K-pop,Surf|surf|ITZY Surf|Surf ITZY,运动|甜酷|机能,练舞房|舞台|日常,运动背心|工装裙裤|短款夹克|球鞋|护腕|银色配饰,拖地长裙|高跟细跟,,偏练舞房和机能运动路线，适合运动背心、工装裙裤、短夹克和稳固球鞋，兼顾力量感与动作舒展。,
itzy-ting-ting-ting,Ting Ting Ting,ITZY,K-pop,Ting Ting Ting|ting ting ting|ITZY Ting Ting Ting|Ting Ting Ting ITZY|tingtingting,运动|甜酷|机能,练舞房|舞台|日常,运动背心|工装裙裤|短款夹克|球鞋|护腕|银色配饰,拖地长裙|高跟细跟,,偏练舞房和机能运动路线，适合运动背心、工装裙裤、短夹克和稳固球鞋，兼顾力量感与动作舒展。,
itzy-that-s-a-no-no,That's a No No,ITZY,K-pop,That's a No No|that's a no no|ITZY That's a No No|That's a No No ITZY|that'sanono,运动|甜酷|机能,练舞房|舞台|日常,运动背心|工装裙裤|短款夹克|球鞋|护腕|银色配饰,拖地长裙|高跟细跟,,偏练舞房和机能运动路线，适合运动背心、工装裙裤、短夹克和稳固球鞋，兼顾力量感与动作舒展。,
itzy-24hrs,24HRS,ITZY,K-pop,24HRS|24hrs|ITZY 24HRS|24HRS ITZY,运动|甜酷|机能,练舞房|舞台|日常,运动背心|工装裙裤|短款夹克|球鞋|护腕|银色配饰,拖地长裙|高跟细跟,,偏练舞房和机能运动路线，适合运动背心、工装裙裤、短夹克和稳固球鞋，兼顾力量感与动作舒展。,
itzy-nobody-like-you,Nobody Like You,ITZY,K-pop,Nobody Like You|nobody like you|ITZY Nobody Like You|Nobody Like You ITZY|nobodylikeyou,运动|甜酷|机能,练舞房|舞台|日常,运动背心|工装裙裤|短款夹克|球鞋|护腕|银色配饰,拖地长裙|高跟细跟,,偏练舞房和机能运动路线，适合运动背心、工装裙裤、短夹克和稳固球鞋，兼顾力量感与动作舒展。,
itzy-you-make-me,You Make Me,ITZY,K-pop,You Make Me|you make me|ITZY You Make Me|You Make Me ITZY|youmakeme,运动|甜酷|机能,练舞房|舞台|日常,运动背心|工装裙裤|短款夹克|球鞋|护腕|银色配饰,拖地长裙|高跟细跟,,偏练舞房和机能运动路线，适合运动背心、工装裙裤、短夹克和稳固球鞋，兼顾力量感与动作舒展。,
itzy-i-don-t-wanna-dance,I Don't Wanna Dance,ITZY,K-pop,I Don't Wanna Dance|i don't wanna dance|ITZY I Don't Wanna Dance|I Don't Wanna Dance ITZY|idon'twannadance,运动|甜酷|机能,练舞房|舞台|日常,运动背心|工装裙裤|短款夹克|球鞋|护腕|银色配饰,拖地长裙|高跟细跟,,偏练舞房和机能运动路线，适合运动背心、工装裙裤、短夹克和稳固球鞋，兼顾力量感与动作舒展。,
itzy-don-t-give-a-what,Don't Give A What,ITZY,K-pop,Don't Give A What|don't give a what|ITZY Don't Give A What|Don't Give A What ITZY|don'tgiveawhat,运动|甜酷|机能,练舞房|舞台|日常,运动背心|工装裙裤|短款夹克|球鞋|护腕|银色配饰,拖地长裙|高跟细跟,,偏练舞房和机能运动路线，适合运动背心、工装裙裤、短夹克和稳固球鞋，兼顾力量感与动作舒展。,
itzy-sorry-not-sorry,Sorry Not Sorry,ITZY,K-pop,Sorry Not Sorry|sorry not sorry|ITZY Sorry Not Sorry|Sorry Not Sorry ITZY|sorrynotsorry,运动|甜酷|机能,练舞房|舞台|日常,运动背心|工装裙裤|短款夹克|球鞋|护腕|银色配饰,拖地长裙|高跟细跟,,偏练舞房和机能运动路线，适合运动背心、工装裙裤、短夹克和稳固球鞋，兼顾力量感与动作舒展。,
itzy-kidding-me,Kidding Me,ITZY,K-pop,Kidding Me|kidding me|ITZY Kidding Me|Kidding Me ITZY|kiddingme,运动|甜酷|机能,练舞房|舞台|日常,运动背心|工装裙裤|短款夹克|球鞋|护腕|银色配饰,拖地长裙|高跟细跟,,偏练舞房和机能运动路线，适合运动背心、工装裙裤、短夹克和稳固球鞋，兼顾力量感与动作舒展。,
itzy-wild-wild-west,Wild Wild West,ITZY,K-pop,Wild Wild West|wild wild west|ITZY Wild Wild West|Wild Wild West ITZY|wildwildwest,运动|甜酷|机能,练舞房|舞台|日常,运动背心|工装裙裤|短款夹克|球鞋|护腕|银色配饰,拖地长裙|高跟细跟,,偏练舞房和机能运动路线，适合运动背心、工装裙裤、短夹克和稳固球鞋，兼顾力量感与动作舒展。,
itzy-shoot,Shoot!,ITZY,K-pop,Shoot!|shoot!|ITZY Shoot!|Shoot! ITZY,运动|甜酷|机能,练舞房|舞台|日常,运动背心|工装裙裤|短款夹克|球鞋|护腕|银色配饰,拖地长裙|高跟细跟,,偏练舞房和机能运动路线，适合运动背心、工装裙裤、短夹克和稳固球鞋，兼顾力量感与动作舒展。,
itzy-tennis-0-0,Tennis (0:0),ITZY,K-pop,Tennis (0:0)|tennis (0:0)|ITZY Tennis (0:0)|Tennis (0:0) ITZY|tennis(0:0),运动|甜酷|机能,练舞房|舞台|日常,运动背心|工装裙裤|短款夹克|球鞋|护腕|银色配饰,拖地长裙|高跟细跟,,偏练舞房和机能运动路线，适合运动背心、工装裙裤、短夹克和稳固球鞋，兼顾力量感与动作舒展。,
itzy-mirror,Mirror,ITZY,K-pop,Mirror|mirror|ITZY Mirror|Mirror ITZY,运动|甜酷|机能,练舞房|舞台|日常,运动背心|工装裙裤|短款夹克|球鞋|护腕|银色配饰,拖地长裙|高跟细跟,,偏练舞房和机能运动路线，适合运动背心、工装裙裤、短夹克和稳固球鞋，兼顾力量感与动作舒展。,
itzy-gas-me-up,Gas Me Up,ITZY,K-pop,Gas Me Up|gas me up|ITZY Gas Me Up|Gas Me Up ITZY|gasmeup,运动|甜酷|机能,练舞房|舞台|日常,运动背心|工装裙裤|短款夹克|球鞋|护腕|银色配饰,拖地长裙|高跟细跟,,偏练舞房和机能运动路线，适合运动背心、工装裙裤、短夹克和稳固球鞋，兼顾力量感与动作舒展。,
itzy-sooo-lucky,Sooo Lucky,ITZY,K-pop,Sooo Lucky|sooo lucky|ITZY Sooo Lucky|Sooo Lucky ITZY|sooolucky,运动|甜酷|机能,练舞房|舞台|日常,运动背心|工装裙裤|短款夹克|球鞋|护腕|银色配饰,拖地长裙|高跟细跟,,偏练舞房和机能运动路线，适合运动背心、工装裙裤、短夹克和稳固球鞋，兼顾力量感与动作舒展。,
itzy-b-oo-m-boxx,B[OO]M-BOXX,ITZY,K-pop,B[OO]M-BOXX|b[oo]m-boxx|ITZY B[OO]M-BOXX|B[OO]M-BOXX ITZY,运动|甜酷|机能,练舞房|舞台|日常,运动背心|工装裙裤|短款夹克|球鞋|护腕|银色配饰,拖地长裙|高跟细跟,,偏练舞房和机能运动路线，适合运动背心、工装裙裤、短夹克和稳固球鞋，兼顾力量感与动作舒展。,
itzy-freaky,Freaky,ITZY,K-pop,Freaky|freaky|ITZY Freaky|Freaky ITZY,运动|甜酷|机能,练舞房|舞台|日常,运动背心|工装裙裤|短款夹克|球鞋|护腕|银色配饰,拖地长裙|高跟细跟,,偏练舞房和机能运动路线，适合运动背心、工装裙裤、短夹克和稳固球鞋，兼顾力量感与动作舒展。,
itzy-free-fall,Free Fall,ITZY,K-pop,Free Fall|free fall|ITZY Free Fall|Free Fall ITZY|freefall,运动|甜酷|机能,练舞房|舞台|日常,运动背心|工装裙裤|短款夹克|球鞋|护腕|银色配饰,拖地长裙|高跟细跟,,偏练舞房和机能运动路线，适合运动背心、工装裙裤、短夹克和稳固球鞋，兼顾力量感与动作舒展。,
itzy-domino,Domino,ITZY,K-pop,Domino|domino|ITZY Domino|Domino ITZY,运动|甜酷|机能,练舞房|舞台|日常,运动背心|工装裙裤|短款夹克|球鞋|护腕|银色配饰,拖地长裙|高跟细跟,,偏练舞房和机能运动路线，适合运动背心、工装裙裤、短夹克和稳固球鞋，兼顾力量感与动作舒展。,
itzy-bratty,Bratty,ITZY,K-pop,Bratty|bratty|ITZY Bratty|Bratty ITZY,运动|甜酷|机能,练舞房|舞台|日常,运动背心|工装裙裤|短款夹克|球鞋|护腕|银色配饰,拖地长裙|高跟细跟,,偏练舞房和机能运动路线，适合运动背心、工装裙裤、短夹克和稳固球鞋，兼顾力量感与动作舒展。,
itzy-psychic-lover,Psychic Lover,ITZY,K-pop,Psychic Lover|psychic lover|ITZY Psychic Lover|Psychic Lover ITZY|psychiclover,运动|甜酷|机能,练舞房|舞台|日常,运动背心|工装裙裤|短款夹克|球鞋|护腕|银色配饰,拖地长裙|高跟细跟,,偏练舞房和机能运动路线，适合运动背心、工装裙裤、短夹克和稳固球鞋，兼顾力量感与动作舒展。,
itzy-kill-shot,Kill Shot,ITZY,K-pop,Kill Shot|kill shot|ITZY Kill Shot|Kill Shot ITZY|killshot,运动|甜酷|机能,练舞房|舞台|日常,运动背心|工装裙裤|短款夹克|球鞋|护腕|银色配饰,拖地长裙|高跟细跟,,偏练舞房和机能运动路线，适合运动背心、工装裙裤、短夹克和稳固球鞋，兼顾力量感与动作舒展。,
itzy-dynamite,Dynamite,ITZY,K-pop,Dynamite|dynamite|ITZY Dynamite|Dynamite ITZY,运动|甜酷|机能,练舞房|舞台|日常,运动背心|工装裙裤|短款夹克|球鞋|护腕|银色配饰,拖地长裙|高跟细跟,,偏练舞房和机能运动路线，适合运动背心、工装裙裤、短夹克和稳固球鞋，兼顾力量感与动作舒展。,
itzy-escalator,Escalator,ITZY,K-pop,Escalator|escalator|ITZY Escalator|Escalator ITZY,运动|甜酷|机能,练舞房|舞台|日常,运动背心|工装裙裤|短款夹克|球鞋|护腕|银色配饰,拖地长裙|高跟细跟,,偏练舞房和机能运动路线，适合运动背心、工装裙裤、短夹克和稳固球鞋，兼顾力量感与动作舒展。,
itzy-algorhythm,Algorhythm,ITZY,K-pop,Algorhythm|algorhythm|ITZY Algorhythm|Algorhythm ITZY,运动|甜酷|机能,练舞房|舞台|日常,运动背心|工装裙裤|短款夹克|球鞋|护腕|银色配饰,拖地长裙|高跟细跟,,偏练舞房和机能运动路线，适合运动背心、工装裙裤、短夹克和稳固球鞋，兼顾力量感与动作舒展。,
itzy-five,Five,ITZY,K-pop,Five|five|ITZY Five|Five ITZY,运动|甜酷|机能,练舞房|舞台|日常,运动背心|工装裙裤|短款夹克|球鞋|护腕|银色配饰,拖地长裙|高跟细跟,,偏练舞房和机能运动路线，适合运动背心、工装裙裤、短夹克和稳固球鞋，兼顾力量感与动作舒展。,
twice-like-ooh-ahh,Like Ooh-Ahh,TWICE,K-pop,Like Ooh-Ahh|like ooh-ahh|TWICE Like Ooh-Ahh|Like Ooh-Ahh TWICE|likeooh-ahh,元气|甜酷|Y2K,练舞房|舞台|日常,彩色短上衣|百褶裙|牛仔|运动鞋|发夹|棒球帽,沉闷全黑|厚重长外套,,元气甜酷和 Y2K 少女感更适配，推荐彩色短上衣、牛仔/百褶短裙、运动鞋和发夹，跳起来轻快出片。,
twice-cheer-up,Cheer Up,TWICE,K-pop,Cheer Up|cheer up|TWICE Cheer Up|Cheer Up TWICE|cheerup,元气|甜酷|Y2K,练舞房|舞台|日常,彩色短上衣|百褶裙|牛仔|运动鞋|发夹|棒球帽,沉闷全黑|厚重长外套,,元气甜酷和 Y2K 少女感更适配，推荐彩色短上衣、牛仔/百褶短裙、运动鞋和发夹，跳起来轻快出片。,
twice-tt,TT,TWICE,K-pop,TT|tt|TWICE TT|TT TWICE,元气|甜酷|Y2K,练舞房|舞台|日常,彩色短上衣|百褶裙|牛仔|运动鞋|发夹|棒球帽,沉闷全黑|厚重长外套,,元气甜酷和 Y2K 少女感更适配，推荐彩色短上衣、牛仔/百褶短裙、运动鞋和发夹，跳起来轻快出片。,
twice-knock-knock,Knock Knock,TWICE,K-pop,Knock Knock|knock knock|TWICE Knock Knock|Knock Knock TWICE|knockknock,元气|甜酷|Y2K,练舞房|舞台|日常,彩色短上衣|百褶裙|牛仔|运动鞋|发夹|棒球帽,沉闷全黑|厚重长外套,,元气甜酷和 Y2K 少女感更适配，推荐彩色短上衣、牛仔/百褶短裙、运动鞋和发夹，跳起来轻快出片。,
twice-signal,Signal,TWICE,K-pop,Signal|signal|TWICE Signal|Signal TWICE,元气|甜酷|Y2K,练舞房|舞台|日常,彩色短上衣|百褶裙|牛仔|运动鞋|发夹|棒球帽,沉闷全黑|厚重长外套,,元气甜酷和 Y2K 少女感更适配，推荐彩色短上衣、牛仔/百褶短裙、运动鞋和发夹，跳起来轻快出片。,
twice-likey,Likey,TWICE,K-pop,Likey|likey|TWICE Likey|Likey TWICE,元气|甜酷|Y2K,练舞房|舞台|日常,彩色短上衣|百褶裙|牛仔|运动鞋|发夹|棒球帽,沉闷全黑|厚重长外套,,元气甜酷和 Y2K 少女感更适配，推荐彩色短上衣、牛仔/百褶短裙、运动鞋和发夹，跳起来轻快出片。,
twice-heart-shaker,Heart Shaker,TWICE,K-pop,Heart Shaker|heart shaker|TWICE Heart Shaker|Heart Shaker TWICE|heartshaker,元气|甜酷|Y2K,练舞房|舞台|日常,彩色短上衣|百褶裙|牛仔|运动鞋|发夹|棒球帽,沉闷全黑|厚重长外套,,元气甜酷和 Y2K 少女感更适配，推荐彩色短上衣、牛仔/百褶短裙、运动鞋和发夹，跳起来轻快出片。,
twice-what-is-love,What Is Love?,TWICE,K-pop,What Is Love?|what is love?|TWICE What Is Love?|What Is Love? TWICE|whatislove?,元气|甜酷|Y2K,练舞房|舞台|日常,彩色短上衣|百褶裙|牛仔|运动鞋|发夹|棒球帽,沉闷全黑|厚重长外套,,元气甜酷和 Y2K 少女感更适配，推荐彩色短上衣、牛仔/百褶短裙、运动鞋和发夹，跳起来轻快出片。,
twice-dance-the-night-away,Dance The Night Away,TWICE,K-pop,Dance The Night Away|dance the night away|TWICE Dance The Night Away|Dance The Night Away TWICE|dancethenightaway,元气|甜酷|Y2K,练舞房|舞台|日常,彩色短上衣|百褶裙|牛仔|运动鞋|发夹|棒球帽,沉闷全黑|厚重长外套,,元气甜酷和 Y2K 少女感更适配，推荐彩色短上衣、牛仔/百褶短裙、运动鞋和发夹，跳起来轻快出片。,
twice-yes-or-yes,Yes or Yes,TWICE,K-pop,Yes or Yes|yes or yes|TWICE Yes or Yes|Yes or Yes TWICE|yesoryes,元气|甜酷|Y2K,练舞房|舞台|日常,彩色短上衣|百褶裙|牛仔|运动鞋|发夹|棒球帽,沉闷全黑|厚重长外套,,元气甜酷和 Y2K 少女感更适配，推荐彩色短上衣、牛仔/百褶短裙、运动鞋和发夹，跳起来轻快出片。,
twice-fancy,Fancy,TWICE,K-pop,Fancy|fancy|TWICE Fancy|Fancy TWICE,元气|甜酷|Y2K,练舞房|舞台|日常,彩色短上衣|百褶裙|牛仔|运动鞋|发夹|棒球帽,沉闷全黑|厚重长外套,,元气甜酷和 Y2K 少女感更适配，推荐彩色短上衣、牛仔/百褶短裙、运动鞋和发夹，跳起来轻快出片。,
twice-feel-special,Feel Special,TWICE,K-pop,Feel Special|feel special|TWICE Feel Special|Feel Special TWICE|feelspecial,元气|甜酷|Y2K,练舞房|舞台|日常,彩色短上衣|百褶裙|牛仔|运动鞋|发夹|棒球帽,沉闷全黑|厚重长外套,,元气甜酷和 Y2K 少女感更适配，推荐彩色短上衣、牛仔/百褶短裙、运动鞋和发夹，跳起来轻快出片。,
twice-more-and-more,More & More,TWICE,K-pop,More & More|more & more|TWICE More & More|More & More TWICE|more&more,元气|甜酷|Y2K,练舞房|舞台|日常,彩色短上衣|百褶裙|牛仔|运动鞋|发夹|棒球帽,沉闷全黑|厚重长外套,,元气甜酷和 Y2K 少女感更适配，推荐彩色短上衣、牛仔/百褶短裙、运动鞋和发夹，跳起来轻快出片。,
twice-i-can-t-stop-me,I Can't Stop Me,TWICE,K-pop,I Can't Stop Me|i can't stop me|TWICE I Can't Stop Me|I Can't Stop Me TWICE|ican'tstopme,元气|甜酷|Y2K,练舞房|舞台|日常,彩色短上衣|百褶裙|牛仔|运动鞋|发夹|棒球帽,沉闷全黑|厚重长外套,,元气甜酷和 Y2K 少女感更适配，推荐彩色短上衣、牛仔/百褶短裙、运动鞋和发夹，跳起来轻快出片。,
twice-cry-for-me,Cry For Me,TWICE,K-pop,Cry For Me|cry for me|TWICE Cry For Me|Cry For Me TWICE|cryforme,元气|甜酷|Y2K,练舞房|舞台|日常,彩色短上衣|百褶裙|牛仔|运动鞋|发夹|棒球帽,沉闷全黑|厚重长外套,,元气甜酷和 Y2K 少女感更适配，推荐彩色短上衣、牛仔/百褶短裙、运动鞋和发夹，跳起来轻快出片。,
twice-alcohol-free,Alcohol-Free,TWICE,K-pop,Alcohol-Free|alcohol-free|TWICE Alcohol-Free|Alcohol-Free TWICE,元气|甜酷|Y2K,练舞房|舞台|日常,彩色短上衣|百褶裙|牛仔|运动鞋|发夹|棒球帽,沉闷全黑|厚重长外套,,元气甜酷和 Y2K 少女感更适配，推荐彩色短上衣、牛仔/百褶短裙、运动鞋和发夹，跳起来轻快出片。,
twice-the-feels,The Feels,TWICE,K-pop,The Feels|the feels|TWICE The Feels|The Feels TWICE|thefeels,元气|甜酷|Y2K,练舞房|舞台|日常,彩色短上衣|百褶裙|牛仔|运动鞋|发夹|棒球帽,沉闷全黑|厚重长外套,,元气甜酷和 Y2K 少女感更适配，推荐彩色短上衣、牛仔/百褶短裙、运动鞋和发夹，跳起来轻快出片。,
twice-scientist,Scientist,TWICE,K-pop,Scientist|scientist|TWICE Scientist|Scientist TWICE,元气|甜酷|Y2K,练舞房|舞台|日常,彩色短上衣|百褶裙|牛仔|运动鞋|发夹|棒球帽,沉闷全黑|厚重长外套,,元气甜酷和 Y2K 少女感更适配，推荐彩色短上衣、牛仔/百褶短裙、运动鞋和发夹，跳起来轻快出片。,
twice-talk-that-talk,Talk That Talk,TWICE,K-pop,Talk That Talk|talk that talk|TWICE Talk That Talk|Talk That Talk TWICE|talkthattalk,元气|甜酷|Y2K,练舞房|舞台|日常,彩色短上衣|百褶裙|牛仔|运动鞋|发夹|棒球帽,沉闷全黑|厚重长外套,,元气甜酷和 Y2K 少女感更适配，推荐彩色短上衣、牛仔/百褶短裙、运动鞋和发夹，跳起来轻快出片。,
twice-set-me-free,Set Me Free,TWICE,K-pop,Set Me Free|set me free|TWICE Set Me Free|Set Me Free TWICE|setmefree,元气|甜酷|Y2K,练舞房|舞台|日常,彩色短上衣|百褶裙|牛仔|运动鞋|发夹|棒球帽,沉闷全黑|厚重长外套,,元气甜酷和 Y2K 少女感更适配，推荐彩色短上衣、牛仔/百褶短裙、运动鞋和发夹，跳起来轻快出片。,
twice-moonlight-sunrise,Moonlight Sunrise,TWICE,K-pop,Moonlight Sunrise|moonlight sunrise|TWICE Moonlight Sunrise|Moonlight Sunrise TWICE|moonlightsunrise,元气|甜酷|Y2K,练舞房|舞台|日常,彩色短上衣|百褶裙|牛仔|运动鞋|发夹|棒球帽,沉闷全黑|厚重长外套,,元气甜酷和 Y2K 少女感更适配，推荐彩色短上衣、牛仔/百褶短裙、运动鞋和发夹，跳起来轻快出片。,
twice-i-got-you,I Got You,TWICE,K-pop,I Got You|i got you|TWICE I Got You|I Got You TWICE|igotyou,元气|甜酷|Y2K,练舞房|舞台|日常,彩色短上衣|百褶裙|牛仔|运动鞋|发夹|棒球帽,沉闷全黑|厚重长外套,,元气甜酷和 Y2K 少女感更适配，推荐彩色短上衣、牛仔/百褶短裙、运动鞋和发夹，跳起来轻快出片。,
twice-one-spark,One Spark,TWICE,K-pop,One Spark|one spark|TWICE One Spark|One Spark TWICE|onespark,元气|甜酷|Y2K,练舞房|舞台|日常,彩色短上衣|百褶裙|牛仔|运动鞋|发夹|棒球帽,沉闷全黑|厚重长外套,,元气甜酷和 Y2K 少女感更适配，推荐彩色短上衣、牛仔/百褶短裙、运动鞋和发夹，跳起来轻快出片。,
twice-strategy,Strategy,TWICE,K-pop,Strategy|strategy|TWICE Strategy|Strategy TWICE,元气|甜酷|Y2K,练舞房|舞台|日常,彩色短上衣|百褶裙|牛仔|运动鞋|发夹|棒球帽,沉闷全黑|厚重长外套,,元气甜酷和 Y2K 少女感更适配，推荐彩色短上衣、牛仔/百褶短裙、运动鞋和发夹，跳起来轻快出片。,
twice-hare-hare,Hare Hare,TWICE,K-pop,Hare Hare|hare hare|TWICE Hare Hare|Hare Hare TWICE|harehare,元气|甜酷|Y2K,练舞房|舞台|日常,彩色短上衣|百褶裙|牛仔|运动鞋|发夹|棒球帽,沉闷全黑|厚重长外套,,元气甜酷和 Y2K 少女感更适配，推荐彩色短上衣、牛仔/百褶短裙、运动鞋和发夹，跳起来轻快出片。,
twice-perfect-world,Perfect World,TWICE,K-pop,Perfect World|perfect world|TWICE Perfect World|Perfect World TWICE|perfectworld,元气|甜酷|Y2K,练舞房|舞台|日常,彩色短上衣|百褶裙|牛仔|运动鞋|发夹|棒球帽,沉闷全黑|厚重长外套,,元气甜酷和 Y2K 少女感更适配，推荐彩色短上衣、牛仔/百褶短裙、运动鞋和发夹，跳起来轻快出片。,
twice-breakthrough,Breakthrough,TWICE,K-pop,Breakthrough|breakthrough|TWICE Breakthrough|Breakthrough TWICE,元气|甜酷|Y2K,练舞房|舞台|日常,彩色短上衣|百褶裙|牛仔|运动鞋|发夹|棒球帽,沉闷全黑|厚重长外套,,元气甜酷和 Y2K 少女感更适配，推荐彩色短上衣、牛仔/百褶短裙、运动鞋和发夹，跳起来轻快出片。,
twice-fake-and-true,Fake & True,TWICE,K-pop,Fake & True|fake & true|TWICE Fake & True|Fake & True TWICE|fake&true,元气|甜酷|Y2K,练舞房|舞台|日常,彩色短上衣|百褶裙|牛仔|运动鞋|发夹|棒球帽,沉闷全黑|厚重长外套,,元气甜酷和 Y2K 少女感更适配，推荐彩色短上衣、牛仔/百褶短裙、运动鞋和发夹，跳起来轻快出片。,
twice-kura-kura,Kura Kura,TWICE,K-pop,Kura Kura|kura kura|TWICE Kura Kura|Kura Kura TWICE|kurakura,元气|甜酷|Y2K,练舞房|舞台|日常,彩色短上衣|百褶裙|牛仔|运动鞋|发夹|棒球帽,沉闷全黑|厚重长外套,,元气甜酷和 Y2K 少女感更适配，推荐彩色短上衣、牛仔/百褶短裙、运动鞋和发夹，跳起来轻快出片。,
twice-doughnut,Doughnut,TWICE,K-pop,Doughnut|doughnut|TWICE Doughnut|Doughnut TWICE,元气|甜酷|Y2K,练舞房|舞台|日常,彩色短上衣|百褶裙|牛仔|运动鞋|发夹|棒球帽,沉闷全黑|厚重长外套,,元气甜酷和 Y2K 少女感更适配，推荐彩色短上衣、牛仔/百褶短裙、运动鞋和发夹，跳起来轻快出片。,
twice-celebrate,Celebrate,TWICE,K-pop,Celebrate|celebrate|TWICE Celebrate|Celebrate TWICE,元气|甜酷|Y2K,练舞房|舞台|日常,彩色短上衣|百褶裙|牛仔|运动鞋|发夹|棒球帽,沉闷全黑|厚重长外套,,元气甜酷和 Y2K 少女感更适配，推荐彩色短上衣、牛仔/百褶短裙、运动鞋和发夹，跳起来轻快出片。,
twice-candy-pop,Candy Pop,TWICE,K-pop,Candy Pop|candy pop|TWICE Candy Pop|Candy Pop TWICE|candypop,元气|甜酷|Y2K,练舞房|舞台|日常,彩色短上衣|百褶裙|牛仔|运动鞋|发夹|棒球帽,沉闷全黑|厚重长外套,,元气甜酷和 Y2K 少女感更适配，推荐彩色短上衣、牛仔/百褶短裙、运动鞋和发夹，跳起来轻快出片。,
twice-wake-me-up,Wake Me Up,TWICE,K-pop,Wake Me Up|wake me up|TWICE Wake Me Up|Wake Me Up TWICE|wakemeup,元气|甜酷|Y2K,练舞房|舞台|日常,彩色短上衣|百褶裙|牛仔|运动鞋|发夹|棒球帽,沉闷全黑|厚重长外套,,元气甜酷和 Y2K 少女感更适配，推荐彩色短上衣、牛仔/百褶短裙、运动鞋和发夹，跳起来轻快出片。,
twice-bdz,BDZ,TWICE,K-pop,BDZ|bdz|TWICE BDZ|BDZ TWICE,元气|甜酷|Y2K,练舞房|舞台|日常,彩色短上衣|百褶裙|牛仔|运动鞋|发夹|棒球帽,沉闷全黑|厚重长外套,,元气甜酷和 Y2K 少女感更适配，推荐彩色短上衣、牛仔/百褶短裙、运动鞋和发夹，跳起来轻快出片。,
twice-happy-happy,Happy Happy,TWICE,K-pop,Happy Happy|happy happy|TWICE Happy Happy|Happy Happy TWICE|happyhappy,元气|甜酷|Y2K,练舞房|舞台|日常,彩色短上衣|百褶裙|牛仔|运动鞋|发夹|棒球帽,沉闷全黑|厚重长外套,,元气甜酷和 Y2K 少女感更适配，推荐彩色短上衣、牛仔/百褶短裙、运动鞋和发夹，跳起来轻快出片。,
twice-fanfare,Fanfare,TWICE,K-pop,Fanfare|fanfare|TWICE Fanfare|Fanfare TWICE,元气|甜酷|Y2K,练舞房|舞台|日常,彩色短上衣|百褶裙|牛仔|运动鞋|发夹|棒球帽,沉闷全黑|厚重长外套,,元气甜酷和 Y2K 少女感更适配，推荐彩色短上衣、牛仔/百褶短裙、运动鞋和发夹，跳起来轻快出片。,
twice-better,Better,TWICE,K-pop,Better|better|TWICE Better|Better TWICE,元气|甜酷|Y2K,练舞房|舞台|日常,彩色短上衣|百褶裙|牛仔|运动鞋|发夹|棒球帽,沉闷全黑|厚重长外套,,元气甜酷和 Y2K 少女感更适配，推荐彩色短上衣、牛仔/百褶短裙、运动鞋和发夹，跳起来轻快出片。,
twice-basics,Basics,TWICE,K-pop,Basics|basics|TWICE Basics|Basics TWICE,元气|甜酷|Y2K,练舞房|舞台|日常,彩色短上衣|百褶裙|牛仔|运动鞋|发夹|棒球帽,沉闷全黑|厚重长外套,,元气甜酷和 Y2K 少女感更适配，推荐彩色短上衣、牛仔/百褶短裙、运动鞋和发夹，跳起来轻快出片。,
twice-queen-of-hearts,Queen of Hearts,TWICE,K-pop,Queen of Hearts|queen of hearts|TWICE Queen of Hearts|Queen of Hearts TWICE|queenofhearts,元气|甜酷|Y2K,练舞房|舞台|日常,彩色短上衣|百褶裙|牛仔|运动鞋|发夹|棒球帽,沉闷全黑|厚重长外套,,元气甜酷和 Y2K 少女感更适配，推荐彩色短上衣、牛仔/百褶短裙、运动鞋和发夹，跳起来轻快出片。,
twice-brave,Brave,TWICE,K-pop,Brave|brave|TWICE Brave|Brave TWICE,元气|甜酷|Y2K,练舞房|舞台|日常,彩色短上衣|百褶裙|牛仔|运动鞋|发夹|棒球帽,沉闷全黑|厚重长外套,,元气甜酷和 Y2K 少女感更适配，推荐彩色短上衣、牛仔/百褶短裙、运动鞋和发夹，跳起来轻快出片。,
twice-gone,Gone,TWICE,K-pop,Gone|gone|TWICE Gone|Gone TWICE,元气|甜酷|Y2K,练舞房|舞台|日常,彩色短上衣|百褶裙|牛仔|运动鞋|发夹|棒球帽,沉闷全黑|厚重长外套,,元气甜酷和 Y2K 少女感更适配，推荐彩色短上衣、牛仔/百褶短裙、运动鞋和发夹，跳起来轻快出片。,
twice-when-we-were-kids,When We Were Kids,TWICE,K-pop,When We Were Kids|when we were kids|TWICE When We Were Kids|When We Were Kids TWICE|whenwewerekids,元气|甜酷|Y2K,练舞房|舞台|日常,彩色短上衣|百褶裙|牛仔|运动鞋|发夹|棒球帽,沉闷全黑|厚重长外套,,元气甜酷和 Y2K 少女感更适配，推荐彩色短上衣、牛仔/百褶短裙、运动鞋和发夹，跳起来轻快出片。,
twice-icon,Icon,TWICE,K-pop,Icon|icon|TWICE Icon|Icon TWICE,元气|甜酷|Y2K,练舞房|舞台|日常,彩色短上衣|百褶裙|牛仔|运动鞋|发夹|棒球帽,沉闷全黑|厚重长外套,,元气甜酷和 Y2K 少女感更适配，推荐彩色短上衣、牛仔/百褶短裙、运动鞋和发夹，跳起来轻快出片。,
twice-last-waltz,Last Waltz,TWICE,K-pop,Last Waltz|last waltz|TWICE Last Waltz|Last Waltz TWICE|lastwaltz,元气|甜酷|Y2K,练舞房|舞台|日常,彩色短上衣|百褶裙|牛仔|运动鞋|发夹|棒球帽,沉闷全黑|厚重长外套,,元气甜酷和 Y2K 少女感更适配，推荐彩色短上衣、牛仔/百褶短裙、运动鞋和发夹，跳起来轻快出片。,
twice-espresso,Espresso,TWICE,K-pop,Espresso|espresso|TWICE Espresso|Espresso TWICE,元气|甜酷|Y2K,练舞房|舞台|日常,彩色短上衣|百褶裙|牛仔|运动鞋|发夹|棒球帽,沉闷全黑|厚重长外套,,元气甜酷和 Y2K 少女感更适配，推荐彩色短上衣、牛仔/百褶短裙、运动鞋和发夹，跳起来轻快出片。,
twice-rewind,Rewind,TWICE,K-pop,Rewind|rewind|TWICE Rewind|Rewind TWICE,元气|甜酷|Y2K,练舞房|舞台|日常,彩色短上衣|百褶裙|牛仔|运动鞋|发夹|棒球帽,沉闷全黑|厚重长外套,,元气甜酷和 Y2K 少女感更适配，推荐彩色短上衣、牛仔/百褶短裙、运动鞋和发夹，跳起来轻快出片。,
twice-cactus,Cactus,TWICE,K-pop,Cactus|cactus|TWICE Cactus|Cactus TWICE,元气|甜酷|Y2K,练舞房|舞台|日常,彩色短上衣|百褶裙|牛仔|运动鞋|发夹|棒球帽,沉闷全黑|厚重长外套,,元气甜酷和 Y2K 少女感更适配，推荐彩色短上衣、牛仔/百褶短裙、运动鞋和发夹，跳起来轻快出片。,
twice-hello,Hello,TWICE,K-pop,Hello|hello|TWICE Hello|Hello TWICE,元气|甜酷|Y2K,练舞房|舞台|日常,彩色短上衣|百褶裙|牛仔|运动鞋|发夹|棒球帽,沉闷全黑|厚重长外套,,元气甜酷和 Y2K 少女感更适配，推荐彩色短上衣、牛仔/百褶短裙、运动鞋和发夹，跳起来轻快出片。,
twice-1-3-2,"1, 3, 2",TWICE,K-pop,"1, 3, 2|TWICE 1, 3, 2|1, 3, 2 TWICE|1,3,2",元气|甜酷|Y2K,练舞房|舞台|日常,彩色短上衣|百褶裙|牛仔|运动鞋|发夹|棒球帽,沉闷全黑|厚重长外套,,元气甜酷和 Y2K 少女感更适配，推荐彩色短上衣、牛仔/百褶短裙、运动鞋和发夹，跳起来轻快出片。,
twice-push-and-pull,Push & Pull,TWICE,K-pop,Push & Pull|push & pull|TWICE Push & Pull|Push & Pull TWICE|push&pull,元气|甜酷|Y2K,练舞房|舞台|日常,彩色短上衣|百褶裙|牛仔|运动鞋|发夹|棒球帽,沉闷全黑|厚重长外套,,元气甜酷和 Y2K 少女感更适配，推荐彩色短上衣、牛仔/百褶短裙、运动鞋和发夹，跳起来轻快出片。,
twice-moonlight,Moonlight,TWICE,K-pop,Moonlight|moonlight|TWICE Moonlight|Moonlight TWICE,元气|甜酷|Y2K,练舞房|舞台|日常,彩色短上衣|百褶裙|牛仔|运动鞋|发夹|棒球帽,沉闷全黑|厚重长外套,,元气甜酷和 Y2K 少女感更适配，推荐彩色短上衣、牛仔/百褶短裙、运动鞋和发夹，跳起来轻快出片。,
twice-iconic,Iconic,TWICE,K-pop,Iconic|iconic|TWICE Iconic|Iconic TWICE,元气|甜酷|Y2K,练舞房|舞台|日常,彩色短上衣|百褶裙|牛仔|运动鞋|发夹|棒球帽,沉闷全黑|厚重长外套,,元气甜酷和 Y2K 少女感更适配，推荐彩色短上衣、牛仔/百褶短裙、运动鞋和发夹，跳起来轻快出片。,
twice-cruel,Cruel,TWICE,K-pop,Cruel|cruel|TWICE Cruel|Cruel TWICE,元气|甜酷|Y2K,练舞房|舞台|日常,彩色短上衣|百褶裙|牛仔|运动鞋|发夹|棒球帽,沉闷全黑|厚重长外套,,元气甜酷和 Y2K 少女感更适配，推荐彩色短上衣、牛仔/百褶短裙、运动鞋和发夹，跳起来轻快出片。,
twice-real-you,Real You,TWICE,K-pop,Real You|real you|TWICE Real You|Real You TWICE|realyou,元气|甜酷|Y2K,练舞房|舞台|日常,彩色短上衣|百褶裙|牛仔|运动鞋|发夹|棒球帽,沉闷全黑|厚重长外套,,元气甜酷和 Y2K 少女感更适配，推荐彩色短上衣、牛仔/百褶短裙、运动鞋和发夹，跳起来轻快出片。,
twice-f-i-l-a-fall-in-love-again,F.I.L.A (Fall In Love Again),TWICE,K-pop,F.I.L.A (Fall In Love Again)|f.i.l.a (fall in love again)|TWICE F.I.L.A (Fall In Love Again)|F.I.L.A (Fall In Love Again) TWICE|f.i.l.a(fallinloveagain),元气|甜酷|Y2K,练舞房|舞台|日常,彩色短上衣|百褶裙|牛仔|运动鞋|发夹|棒球帽,沉闷全黑|厚重长外套,,元气甜酷和 Y2K 少女感更适配，推荐彩色短上衣、牛仔/百褶短裙、运动鞋和发夹，跳起来轻快出片。,
twice-shot-clock,Shot Clock,TWICE,K-pop,Shot Clock|shot clock|TWICE Shot Clock|Shot Clock TWICE|shotclock,元气|甜酷|Y2K,练舞房|舞台|日常,彩色短上衣|百褶裙|牛仔|运动鞋|发夹|棒球帽,沉闷全黑|厚重长外套,,元气甜酷和 Y2K 少女感更适配，推荐彩色短上衣、牛仔/百褶短裙、运动鞋和发夹，跳起来轻快出片。,
twice-up-no-more,Up No More,TWICE,K-pop,Up No More|up no more|TWICE Up No More|Up No More TWICE|upnomore,元气|甜酷|Y2K,练舞房|舞台|日常,彩色短上衣|百褶裙|牛仔|运动鞋|发夹|棒球帽,沉闷全黑|厚重长外套,,元气甜酷和 Y2K 少女感更适配，推荐彩色短上衣、牛仔/百褶短裙、运动鞋和发夹，跳起来轻快出片。,
twice-hell-in-heaven,Hell in Heaven,TWICE,K-pop,Hell in Heaven|hell in heaven|TWICE Hell in Heaven|Hell in Heaven TWICE|hellinheaven,元气|甜酷|Y2K,练舞房|舞台|日常,彩色短上衣|百褶裙|牛仔|运动鞋|发夹|棒球帽,沉闷全黑|厚重长外套,,元气甜酷和 Y2K 少女感更适配，推荐彩色短上衣、牛仔/百褶短裙、运动鞋和发夹，跳起来轻快出片。,
twice-go-hard,Go Hard,TWICE,K-pop,Go Hard|go hard|TWICE Go Hard|Go Hard TWICE|gohard,元气|甜酷|Y2K,练舞房|舞台|日常,彩色短上衣|百褶裙|牛仔|运动鞋|发夹|棒球帽,沉闷全黑|厚重长外套,,元气甜酷和 Y2K 少女感更适配，推荐彩色短上衣、牛仔/百褶短裙、运动鞋和发夹，跳起来轻快出片。,
twice-queen,Queen,TWICE,K-pop,Queen|queen|TWICE Queen|Queen TWICE,元气|甜酷|Y2K,练舞房|舞台|日常,彩色短上衣|百褶裙|牛仔|运动鞋|发夹|棒球帽,沉闷全黑|厚重长外套,,元气甜酷和 Y2K 少女感更适配，推荐彩色短上衣、牛仔/百褶短裙、运动鞋和发夹，跳起来轻快出片。,
twice-say-something,Say Something,TWICE,K-pop,Say Something|say something|TWICE Say Something|Say Something TWICE|saysomething,元气|甜酷|Y2K,练舞房|舞台|日常,彩色短上衣|百褶裙|牛仔|运动鞋|发夹|棒球帽,沉闷全黑|厚重长外套,,元气甜酷和 Y2K 少女感更适配，推荐彩色短上衣、牛仔/百褶短裙、运动鞋和发夹，跳起来轻快出片。,
twice-behind-the-mask,Behind The Mask,TWICE,K-pop,Behind The Mask|behind the mask|TWICE Behind The Mask|Behind The Mask TWICE|behindthemask,元气|甜酷|Y2K,练舞房|舞台|日常,彩色短上衣|百褶裙|牛仔|运动鞋|发夹|棒球帽,沉闷全黑|厚重长外套,,元气甜酷和 Y2K 少女感更适配，推荐彩色短上衣、牛仔/百褶短裙、运动鞋和发夹，跳起来轻快出片。,
twice-oxygen,Oxygen,TWICE,K-pop,Oxygen|oxygen|TWICE Oxygen|Oxygen TWICE,元气|甜酷|Y2K,练舞房|舞台|日常,彩色短上衣|百褶裙|牛仔|运动鞋|发夹|棒球帽,沉闷全黑|厚重长外套,,元气甜酷和 Y2K 少女感更适配，推荐彩色短上衣、牛仔/百褶短裙、运动鞋和发夹，跳起来轻快出片。,
twice-firework,Firework,TWICE,K-pop,Firework|firework|TWICE Firework|Firework TWICE,元气|甜酷|Y2K,练舞房|舞台|日常,彩色短上衣|百褶裙|牛仔|运动鞋|发夹|棒球帽,沉闷全黑|厚重长外套,,元气甜酷和 Y2K 少女感更适配，推荐彩色短上衣、牛仔/百褶短裙、运动鞋和发夹，跳起来轻快出片。,
twice-make-me-go,Make Me Go,TWICE,K-pop,Make Me Go|make me go|TWICE Make Me Go|Make Me Go TWICE|makemego,元气|甜酷|Y2K,练舞房|舞台|日常,彩色短上衣|百褶裙|牛仔|运动鞋|发夹|棒球帽,沉闷全黑|厚重长外套,,元气甜酷和 Y2K 少女感更适配，推荐彩色短上衣、牛仔/百褶短裙、运动鞋和发夹，跳起来轻快出片。,
twice-shadow,Shadow,TWICE,K-pop,Shadow|shadow|TWICE Shadow|Shadow TWICE,元气|甜酷|Y2K,练舞房|舞台|日常,彩色短上衣|百褶裙|牛仔|运动鞋|发夹|棒球帽,沉闷全黑|厚重长外套,,元气甜酷和 Y2K 少女感更适配，推荐彩色短上衣、牛仔/百褶短裙、运动鞋和发夹，跳起来轻快出片。,
twice-don-t-call-me-again,Don't Call Me Again,TWICE,K-pop,Don't Call Me Again|don't call me again|TWICE Don't Call Me Again|Don't Call Me Again TWICE|don'tcallmeagain,元气|甜酷|Y2K,练舞房|舞台|日常,彩色短上衣|百褶裙|牛仔|运动鞋|发夹|棒球帽,沉闷全黑|厚重长外套,,元气甜酷和 Y2K 少女感更适配，推荐彩色短上衣、牛仔/百褶短裙、运动鞋和发夹，跳起来轻快出片。,
twice-sweet-summer-day,Sweet Summer Day,TWICE,K-pop,Sweet Summer Day|sweet summer day|TWICE Sweet Summer Day|Sweet Summer Day TWICE|sweetsummerday,元气|甜酷|Y2K,练舞房|舞台|日常,彩色短上衣|百褶裙|牛仔|运动鞋|发夹|棒球帽,沉闷全黑|厚重长外套,,元气甜酷和 Y2K 少女感更适配，推荐彩色短上衣、牛仔/百褶短裙、运动鞋和发夹，跳起来轻快出片。,
twice-love-foolish,Love Foolish,TWICE,K-pop,Love Foolish|love foolish|TWICE Love Foolish|Love Foolish TWICE|lovefoolish,元气|甜酷|Y2K,练舞房|舞台|日常,彩色短上衣|百褶裙|牛仔|运动鞋|发夹|棒球帽,沉闷全黑|厚重长外套,,元气甜酷和 Y2K 少女感更适配，推荐彩色短上衣、牛仔/百褶短裙、运动鞋和发夹，跳起来轻快出片。,
twice-trick-it,Trick It,TWICE,K-pop,Trick It|trick it|TWICE Trick It|Trick It TWICE|trickit,元气|甜酷|Y2K,练舞房|舞台|日常,彩色短上衣|百褶裙|牛仔|运动鞋|发夹|棒球帽,沉闷全黑|厚重长外套,,元气甜酷和 Y2K 少女感更适配，推荐彩色短上衣、牛仔/百褶短裙、运动鞋和发夹，跳起来轻快出片。,
twice-get-loud,Get Loud,TWICE,K-pop,Get Loud|get loud|TWICE Get Loud|Get Loud TWICE|getloud,元气|甜酷|Y2K,练舞房|舞台|日常,彩色短上衣|百褶裙|牛仔|运动鞋|发夹|棒球帽,沉闷全黑|厚重长外套,,元气甜酷和 Y2K 少女感更适配，推荐彩色短上衣、牛仔/百褶短裙、运动鞋和发夹，跳起来轻快出片。,
twice-rainbow,Rainbow,TWICE,K-pop,Rainbow|rainbow|TWICE Rainbow|Rainbow TWICE,元气|甜酷|Y2K,练舞房|舞台|日常,彩色短上衣|百褶裙|牛仔|运动鞋|发夹|棒球帽,沉闷全黑|厚重长外套,,元气甜酷和 Y2K 少女感更适配，推荐彩色短上衣、牛仔/百褶短裙、运动鞋和发夹，跳起来轻快出片。,
twice-girls-like-us,Girls Like Us,TWICE,K-pop,Girls Like Us|girls like us|TWICE Girls Like Us|Girls Like Us TWICE|girlslikeus,元气|甜酷|Y2K,练舞房|舞台|日常,彩色短上衣|百褶裙|牛仔|运动鞋|发夹|棒球帽,沉闷全黑|厚重长外套,,元气甜酷和 Y2K 少女感更适配，推荐彩色短上衣、牛仔/百褶短裙、运动鞋和发夹，跳起来轻快出片。,
twice-hot,Hot,TWICE,K-pop,Hot|hot|TWICE Hot|Hot TWICE,元气|甜酷|Y2K,练舞房|舞台|日常,彩色短上衣|百褶裙|牛仔|运动鞋|发夹|棒球帽,沉闷全黑|厚重长外套,,元气甜酷和 Y2K 少女感更适配，推荐彩色短上衣、牛仔/百褶短裙、运动鞋和发夹，跳起来轻快出片。,
twice-turn-it-up,Turn It Up,TWICE,K-pop,Turn It Up|turn it up|TWICE Turn It Up|Turn It Up TWICE|turnitup,元气|甜酷|Y2K,练舞房|舞台|日常,彩色短上衣|百褶裙|牛仔|运动鞋|发夹|棒球帽,沉闷全黑|厚重长外套,,元气甜酷和 Y2K 少女感更适配，推荐彩色短上衣、牛仔/百褶短裙、运动鞋和发夹，跳起来轻快出片。,
twice-strawberry,Strawberry,TWICE,K-pop,Strawberry|strawberry|TWICE Strawberry|Strawberry TWICE,元气|甜酷|Y2K,练舞房|舞台|日常,彩色短上衣|百褶裙|牛仔|运动鞋|发夹|棒球帽,沉闷全黑|厚重长外套,,元气甜酷和 Y2K 少女感更适配，推荐彩色短上衣、牛仔/百褶短裙、运动鞋和发夹，跳起来轻快出片。,
twice-rollin,Rollin',TWICE,K-pop,Rollin'|rollin'|TWICE Rollin'|Rollin' TWICE,元气|甜酷|Y2K,练舞房|舞台|日常,彩色短上衣|百褶裙|牛仔|运动鞋|发夹|棒球帽,沉闷全黑|厚重长外套,,元气甜酷和 Y2K 少女感更适配，推荐彩色短上衣、牛仔/百褶短裙、运动鞋和发夹，跳起来轻快出片。,
twice-three-times-a-day,Three Times a Day,TWICE,K-pop,Three Times a Day|three times a day|TWICE Three Times a Day|Three Times a Day TWICE|threetimesaday,元气|甜酷|Y2K,练舞房|舞台|日常,彩色短上衣|百褶裙|牛仔|运动鞋|发夹|棒球帽,沉闷全黑|厚重长外套,,元气甜酷和 Y2K 少女感更适配，推荐彩色短上衣、牛仔/百褶短裙、运动鞋和发夹，跳起来轻快出片。,
twice-jelly-jelly,Jelly Jelly,TWICE,K-pop,Jelly Jelly|jelly jelly|TWICE Jelly Jelly|Jelly Jelly TWICE|jellyjelly,元气|甜酷|Y2K,练舞房|舞台|日常,彩色短上衣|百褶裙|牛仔|运动鞋|发夹|棒球帽,沉闷全黑|厚重长外套,,元气甜酷和 Y2K 少女感更适配，推荐彩色短上衣、牛仔/百褶短裙、运动鞋和发夹，跳起来轻快出片。,
twice-precious-love,Precious Love,TWICE,K-pop,Precious Love|precious love|TWICE Precious Love|Precious Love TWICE|preciouslove,元气|甜酷|Y2K,练舞房|舞台|日常,彩色短上衣|百褶裙|牛仔|运动鞋|发夹|棒球帽,沉闷全黑|厚重长外套,,元气甜酷和 Y2K 少女感更适配，推荐彩色短上衣、牛仔/百褶短裙、运动鞋和发夹，跳起来轻快出片。,
twice-touchdown,Touchdown,TWICE,K-pop,Touchdown|touchdown|TWICE Touchdown|Touchdown TWICE,元气|甜酷|Y2K,练舞房|舞台|日常,彩色短上衣|百褶裙|牛仔|运动鞋|发夹|棒球帽,沉闷全黑|厚重长外套,,元气甜酷和 Y2K 少女感更适配，推荐彩色短上衣、牛仔/百褶短裙、运动鞋和发夹，跳起来轻快出片。,
twice-woohoo,Woohoo,TWICE,K-pop,Woohoo|woohoo|TWICE Woohoo|Woohoo TWICE,元气|甜酷|Y2K,练舞房|舞台|日常,彩色短上衣|百褶裙|牛仔|运动鞋|发夹|棒球帽,沉闷全黑|厚重长外套,,元气甜酷和 Y2K 少女感更适配，推荐彩色短上衣、牛仔/百褶短裙、运动鞋和发夹，跳起来轻快出片。,
girls-generation-into-the-new-world,Into The New World,Girls' Generation,K-pop,Into The New World|into the new world|Girls' Generation Into The New World|Into The New World Girls' Generation|intothenewworld,甜酷|优雅|学院,练舞房|舞台|日常,短裙|针织|衬衫|浅色套装|发箍|玛丽珍,暗黑重金属|过度机能,,清爽女团舞台感，适合短裙或套装、针织/衬衫层次和精致发饰，在甜美与利落之间做平衡。,
girls-generation-girls-generation,Girls' Generation,Girls' Generation,K-pop,Girls' Generation|girls' generation|Girls' Generation Girls' Generation|girls'generation,甜酷|优雅|学院,练舞房|舞台|日常,短裙|针织|衬衫|浅色套装|发箍|玛丽珍,暗黑重金属|过度机能,,清爽女团舞台感，适合短裙或套装、针织/衬衫层次和精致发饰，在甜美与利落之间做平衡。,
girls-generation-kissing-you,Kissing You,Girls' Generation,K-pop,Kissing You|kissing you|Girls' Generation Kissing You|Kissing You Girls' Generation|kissingyou,甜酷|优雅|学院,练舞房|舞台|日常,短裙|针织|衬衫|浅色套装|发箍|玛丽珍,暗黑重金属|过度机能,,清爽女团舞台感，适合短裙或套装、针织/衬衫层次和精致发饰，在甜美与利落之间做平衡。,
girls-generation-baby-baby,Baby Baby,Girls' Generation,K-pop,Baby Baby|baby baby|Girls' Generation Baby Baby|Baby Baby Girls' Generation|babybaby,甜酷|优雅|学院,练舞房|舞台|日常,短裙|针织|衬衫|浅色套装|发箍|玛丽珍,暗黑重金属|过度机能,,清爽女团舞台感，适合短裙或套装、针织/衬衫层次和精致发饰，在甜美与利落之间做平衡。,
girls-generation-gee,Gee,Girls' Generation,K-pop,Gee|gee|Girls' Generation Gee|Gee Girls' Generation,甜酷|优雅|学院,练舞房|舞台|日常,短裙|针织|衬衫|浅色套装|发箍|玛丽珍,暗黑重金属|过度机能,,清爽女团舞台感，适合短裙或套装、针织/衬衫层次和精致发饰，在甜美与利落之间做平衡。,
girls-generation-genie,Genie,Girls' Generation,K-pop,Genie|genie|Girls' Generation Genie|Genie Girls' Generation,甜酷|优雅|学院,练舞房|舞台|日常,短裙|针织|衬衫|浅色套装|发箍|玛丽珍,暗黑重金属|过度机能,,清爽女团舞台感，适合短裙或套装、针织/衬衫层次和精致发饰，在甜美与利落之间做平衡。,
girls-generation-oh,Oh!,Girls' Generation,K-pop,Oh!|oh!|Girls' Generation Oh!|Oh! Girls' Generation,甜酷|优雅|学院,练舞房|舞台|日常,短裙|针织|衬衫|浅色套装|发箍|玛丽珍,暗黑重金属|过度机能,,清爽女团舞台感，适合短裙或套装、针织/衬衫层次和精致发饰，在甜美与利落之间做平衡。,
girls-generation-run-devil-run,Run Devil Run,Girls' Generation,K-pop,Run Devil Run|run devil run|Girls' Generation Run Devil Run|Run Devil Run Girls' Generation|rundevilrun,甜酷|优雅|学院,练舞房|舞台|日常,短裙|针织|衬衫|浅色套装|发箍|玛丽珍,暗黑重金属|过度机能,,清爽女团舞台感，适合短裙或套装、针织/衬衫层次和精致发饰，在甜美与利落之间做平衡。,
girls-generation-hoot,Hoot,Girls' Generation,K-pop,Hoot|hoot|Girls' Generation Hoot|Hoot Girls' Generation,甜酷|优雅|学院,练舞房|舞台|日常,短裙|针织|衬衫|浅色套装|发箍|玛丽珍,暗黑重金属|过度机能,,清爽女团舞台感，适合短裙或套装、针织/衬衫层次和精致发饰，在甜美与利落之间做平衡。,
girls-generation-the-boys,The Boys,Girls' Generation,K-pop,The Boys|the boys|Girls' Generation The Boys|The Boys Girls' Generation|theboys,甜酷|优雅|学院,练舞房|舞台|日常,短裙|针织|衬衫|浅色套装|发箍|玛丽珍,暗黑重金属|过度机能,,清爽女团舞台感，适合短裙或套装、针织/衬衫层次和精致发饰，在甜美与利落之间做平衡。,
girls-generation-mr-taxi,Mr. Taxi,Girls' Generation,K-pop,Mr. Taxi|mr. taxi|Girls' Generation Mr. Taxi|Mr. Taxi Girls' Generation|mr.taxi,甜酷|优雅|学院,练舞房|舞台|日常,短裙|针织|衬衫|浅色套装|发箍|玛丽珍,暗黑重金属|过度机能,,清爽女团舞台感，适合短裙或套装、针织/衬衫层次和精致发饰，在甜美与利落之间做平衡。,
girls-generation-paparazzi,Paparazzi,Girls' Generation,K-pop,Paparazzi|paparazzi|Girls' Generation Paparazzi|Paparazzi Girls' Generation,甜酷|优雅|学院,练舞房|舞台|日常,短裙|针织|衬衫|浅色套装|发箍|玛丽珍,暗黑重金属|过度机能,,清爽女团舞台感，适合短裙或套装、针织/衬衫层次和精致发饰，在甜美与利落之间做平衡。,
girls-generation-flower-power,Flower Power,Girls' Generation,K-pop,Flower Power|flower power|Girls' Generation Flower Power|Flower Power Girls' Generation|flowerpower,甜酷|优雅|学院,练舞房|舞台|日常,短裙|针织|衬衫|浅色套装|发箍|玛丽珍,暗黑重金属|过度机能,,清爽女团舞台感，适合短裙或套装、针织/衬衫层次和精致发饰，在甜美与利落之间做平衡。,
girls-generation-i-got-a-boy,I Got a Boy,Girls' Generation,K-pop,I Got a Boy|i got a boy|Girls' Generation I Got a Boy|I Got a Boy Girls' Generation|igotaboy,甜酷|优雅|学院,练舞房|舞台|日常,短裙|针织|衬衫|浅色套装|发箍|玛丽珍,暗黑重金属|过度机能,,清爽女团舞台感，适合短裙或套装、针织/衬衫层次和精致发饰，在甜美与利落之间做平衡。,
girls-generation-dancing-queen,Dancing Queen,Girls' Generation,K-pop,Dancing Queen|dancing queen|Girls' Generation Dancing Queen|Dancing Queen Girls' Generation|dancingqueen,甜酷|优雅|学院,练舞房|舞台|日常,短裙|针织|衬衫|浅色套装|发箍|玛丽珍,暗黑重金属|过度机能,,清爽女团舞台感，适合短裙或套装、针织/衬衫层次和精致发饰，在甜美与利落之间做平衡。,
girls-generation-galaxy-supernova,Galaxy Supernova,Girls' Generation,K-pop,Galaxy Supernova|galaxy supernova|Girls' Generation Galaxy Supernova|Galaxy Supernova Girls' Generation|galaxysupernova,甜酷|优雅|学院,练舞房|舞台|日常,短裙|针织|衬衫|浅色套装|发箍|玛丽珍,暗黑重金属|过度机能,,清爽女团舞台感，适合短裙或套装、针织/衬衫层次和精致发饰，在甜美与利落之间做平衡。,
girls-generation-love-and-girls,Love & Girls,Girls' Generation,K-pop,Love & Girls|love & girls|Girls' Generation Love & Girls|Love & Girls Girls' Generation|love&girls,甜酷|优雅|学院,练舞房|舞台|日常,短裙|针织|衬衫|浅色套装|发箍|玛丽珍,暗黑重金属|过度机能,,清爽女团舞台感，适合短裙或套装、针织/衬衫层次和精致发饰，在甜美与利落之间做平衡。,
girls-generation-mr-mr,Mr.Mr.,Girls' Generation,K-pop,Mr.Mr.|mr.mr.|Girls' Generation Mr.Mr.|Mr.Mr. Girls' Generation,甜酷|优雅|学院,练舞房|舞台|日常,短裙|针织|衬衫|浅色套装|发箍|玛丽珍,暗黑重金属|过度机能,,清爽女团舞台感，适合短裙或套装、针织/衬衫层次和精致发饰，在甜美与利落之间做平衡。,
girls-generation-catch-me-if-you-can,Catch Me If You Can,Girls' Generation,K-pop,Catch Me If You Can|catch me if you can|Girls' Generation Catch Me If You Can|Catch Me If You Can Girls' Generation|catchmeifyoucan,甜酷|优雅|学院,练舞房|舞台|日常,短裙|针织|衬衫|浅色套装|发箍|玛丽珍,暗黑重金属|过度机能,,清爽女团舞台感，适合短裙或套装、针织/衬衫层次和精致发饰，在甜美与利落之间做平衡。,
girls-generation-party,Party,Girls' Generation,K-pop,Party|party|Girls' Generation Party|Party Girls' Generation,甜酷|优雅|学院,练舞房|舞台|日常,短裙|针织|衬衫|浅色套装|发箍|玛丽珍,暗黑重金属|过度机能,,清爽女团舞台感，适合短裙或套装、针织/衬衫层次和精致发饰，在甜美与利落之间做平衡。,
girls-generation-lion-heart,Lion Heart,Girls' Generation,K-pop,Lion Heart|lion heart|Girls' Generation Lion Heart|Lion Heart Girls' Generation|lionheart,甜酷|优雅|学院,练舞房|舞台|日常,短裙|针织|衬衫|浅色套装|发箍|玛丽珍,暗黑重金属|过度机能,,清爽女团舞台感，适合短裙或套装、针织/衬衫层次和精致发饰，在甜美与利落之间做平衡。,
girls-generation-you-think,You Think,Girls' Generation,K-pop,You Think|you think|Girls' Generation You Think|You Think Girls' Generation|youthink,甜酷|优雅|学院,练舞房|舞台|日常,短裙|针织|衬衫|浅色套装|发箍|玛丽珍,暗黑重金属|过度机能,,清爽女团舞台感，适合短裙或套装、针织/衬衫层次和精致发饰，在甜美与利落之间做平衡。,
girls-generation-all-night,All Night,Girls' Generation,K-pop,All Night|all night|Girls' Generation All Night|All Night Girls' Generation|allnight,甜酷|优雅|学院,练舞房|舞台|日常,短裙|针织|衬衫|浅色套装|发箍|玛丽珍,暗黑重金属|过度机能,,清爽女团舞台感，适合短裙或套装、针织/衬衫层次和精致发饰，在甜美与利落之间做平衡。,
girls-generation-holiday,Holiday,Girls' Generation,K-pop,Holiday|holiday|Girls' Generation Holiday|Holiday Girls' Generation,甜酷|优雅|学院,练舞房|舞台|日常,短裙|针织|衬衫|浅色套装|发箍|玛丽珍,暗黑重金属|过度机能,,清爽女团舞台感，适合短裙或套装、针织/衬衫层次和精致发饰，在甜美与利落之间做平衡。,
girls-generation-forever-1,Forever 1,Girls' Generation,K-pop,Forever 1|forever 1|Girls' Generation Forever 1|Forever 1 Girls' Generation|forever1,甜酷|优雅|学院,练舞房|舞台|日常,短裙|针织|衬衫|浅色套装|发箍|玛丽珍,暗黑重金属|过度机能,,清爽女团舞台感，适合短裙或套装、针织/衬衫层次和精致发饰，在甜美与利落之间做平衡。,
girls-generation-villain,Villain,Girls' Generation,K-pop,Villain|villain|Girls' Generation Villain|Villain Girls' Generation,甜酷|优雅|学院,练舞房|舞台|日常,短裙|针织|衬衫|浅色套装|发箍|玛丽珍,暗黑重金属|过度机能,,清爽女团舞台感，适合短裙或套装、针织/衬衫层次和精致发饰，在甜美与利落之间做平衡。,
girls-generation-lucky-like-that,Lucky Like That,Girls' Generation,K-pop,Lucky Like That|lucky like that|Girls' Generation Lucky Like That|Lucky Like That Girls' Generation|luckylikethat,甜酷|优雅|学院,练舞房|舞台|日常,短裙|针织|衬衫|浅色套装|发箍|玛丽珍,暗黑重金属|过度机能,,清爽女团舞台感，适合短裙或套装、针织/衬衫层次和精致发饰，在甜美与利落之间做平衡。,
girls-generation-seventeen,Seventeen,Girls' Generation,K-pop,Seventeen|seventeen|Girls' Generation Seventeen|Seventeen Girls' Generation,甜酷|优雅|学院,练舞房|舞台|日常,短裙|针织|衬衫|浅色套装|发箍|玛丽珍,暗黑重金属|过度机能,,清爽女团舞台感，适合短裙或套装、针织/衬衫层次和精致发饰，在甜美与利落之间做平衡。,
girls-generation-closer,Closer,Girls' Generation,K-pop,Closer|closer|Girls' Generation Closer|Closer Girls' Generation,甜酷|优雅|学院,练舞房|舞台|日常,短裙|针织|衬衫|浅色套装|发箍|玛丽珍,暗黑重金属|过度机能,,清爽女团舞台感，适合短裙或套装、针织/衬衫层次和精致发饰，在甜美与利落之间做平衡。,
girls-generation-mood-lamp,Mood Lamp,Girls' Generation,K-pop,Mood Lamp|mood lamp|Girls' Generation Mood Lamp|Mood Lamp Girls' Generation|moodlamp,甜酷|优雅|学院,练舞房|舞台|日常,短裙|针织|衬衫|浅色套装|发箍|玛丽珍,暗黑重金属|过度机能,,清爽女团舞台感，适合短裙或套装、针织/衬衫层次和精致发饰，在甜美与利落之间做平衡。,
girls-generation-summer-night,Summer Night,Girls' Generation,K-pop,Summer Night|summer night|Girls' Generation Summer Night|Summer Night Girls' Generation|summernight,甜酷|优雅|学院,练舞房|舞台|日常,短裙|针织|衬衫|浅色套装|发箍|玛丽珍,暗黑重金属|过度机能,,清爽女团舞台感，适合短裙或套装、针织/衬衫层次和精致发饰，在甜美与利落之间做平衡。,
girls-generation-complete,Complete,Girls' Generation,K-pop,Complete|complete|Girls' Generation Complete|Complete Girls' Generation,甜酷|优雅|学院,练舞房|舞台|日常,短裙|针织|衬衫|浅色套装|发箍|玛丽珍,暗黑重金属|过度机能,,清爽女团舞台感，适合短裙或套装、针织/衬衫层次和精致发饰，在甜美与利落之间做平衡。,
girls-generation-way-to-go,Way To Go,Girls' Generation,K-pop,Way To Go|way to go|Girls' Generation Way To Go|Way To Go Girls' Generation|waytogo,甜酷|优雅|学院,练舞房|舞台|日常,短裙|针织|衬衫|浅色套装|发箍|玛丽珍,暗黑重金属|过度机能,,清爽女团舞台感，适合短裙或套装、针织/衬衫层次和精致发饰，在甜美与利落之间做平衡。,
girls-generation-etude,Etude,Girls' Generation,K-pop,Etude|etude|Girls' Generation Etude|Etude Girls' Generation,甜酷|优雅|学院,练舞房|舞台|日常,短裙|针织|衬衫|浅色套装|发箍|玛丽珍,暗黑重金属|过度机能,,清爽女团舞台感，适合短裙或套装、针织/衬衫层次和精致发饰，在甜美与利落之间做平衡。,
girls-generation-tell-me-your-wish,Tell Me Your Wish,Girls' Generation,K-pop,Tell Me Your Wish|tell me your wish|Girls' Generation Tell Me Your Wish|Tell Me Your Wish Girls' Generation|tellmeyourwish,甜酷|优雅|学院,练舞房|舞台|日常,短裙|针织|衬衫|浅色套装|发箍|玛丽珍,暗黑重金属|过度机能,,清爽女团舞台感，适合短裙或套装、针织/衬衫层次和精致发饰，在甜美与利落之间做平衡。,
girls-generation-trick,Trick,Girls' Generation,K-pop,Trick|trick|Girls' Generation Trick|Trick Girls' Generation,甜酷|优雅|学院,练舞房|舞台|日常,短裙|针织|衬衫|浅色套装|发箍|玛丽珍,暗黑重金属|过度机能,,清爽女团舞台感，适合短裙或套装、针织/衬衫层次和精致发饰，在甜美与利落之间做平衡。,
girls-generation-oscar,Oscar,Girls' Generation,K-pop,Oscar|oscar|Girls' Generation Oscar|Oscar Girls' Generation,甜酷|优雅|学院,练舞房|舞台|日常,短裙|针织|衬衫|浅色套装|发箍|玛丽珍,暗黑重金属|过度机能,,清爽女团舞台感，适合短裙或套装、针织/衬衫层次和精致发饰，在甜美与利落之间做平衡。,
girls-generation-top-secret,Top Secret,Girls' Generation,K-pop,Top Secret|top secret|Girls' Generation Top Secret|Top Secret Girls' Generation|topsecret,甜酷|优雅|学院,练舞房|舞台|日常,短裙|针织|衬衫|浅色套装|发箍|玛丽珍,暗黑重金属|过度机能,,清爽女团舞台感，适合短裙或套装、针织/衬衫层次和精致发饰，在甜美与利落之间做平衡。,
girls-generation-telepathy,Telepathy,Girls' Generation,K-pop,Telepathy|telepathy|Girls' Generation Telepathy|Telepathy Girls' Generation,甜酷|优雅|学院,练舞房|舞台|日常,短裙|针织|衬衫|浅色套装|发箍|玛丽珍,暗黑重金属|过度机能,,清爽女团舞台感，适合短裙或套装、针织/衬衫层次和精致发饰，在甜美与利落之间做平衡。,
girls-generation-say-yes,Say Yes,Girls' Generation,K-pop,Say Yes|say yes|Girls' Generation Say Yes|Say Yes Girls' Generation|sayyes,甜酷|优雅|学院,练舞房|舞台|日常,短裙|针织|衬衫|浅色套装|发箍|玛丽珍,暗黑重金属|过度机能,,清爽女团舞台感，适合短裙或套装、针织/衬衫层次和精致发饰，在甜美与利落之间做平衡。,
girls-generation-vitamin,Vitamin,Girls' Generation,K-pop,Vitamin|vitamin|Girls' Generation Vitamin|Vitamin Girls' Generation,甜酷|优雅|学院,练舞房|舞台|日常,短裙|针织|衬衫|浅色套装|发箍|玛丽珍,暗黑重金属|过度机能,,清爽女团舞台感，适合短裙或套装、针织/衬衫层次和精致发饰，在甜美与利落之间做平衡。,
girls-generation-check,Check,Girls' Generation,K-pop,Check|check|Girls' Generation Check|Check Girls' Generation,甜酷|优雅|学院,练舞房|舞台|日常,短裙|针织|衬衫|浅色套装|发箍|玛丽珍,暗黑重金属|过度机能,,清爽女团舞台感，适合短裙或套装、针织/衬衫层次和精致发饰，在甜美与利落之间做平衡。,
girls-generation-bump-it,Bump It,Girls' Generation,K-pop,Bump It|bump it|Girls' Generation Bump It|Bump It Girls' Generation|bumpit,甜酷|优雅|学院,练舞房|舞台|日常,短裙|针织|衬衫|浅色套装|发箍|玛丽珍,暗黑重金属|过度机能,,清爽女团舞台感，适合短裙或套装、针织/衬衫层次和精致发饰，在甜美与利落之间做平衡。,
girls-generation-one-last-time,One Last Time,Girls' Generation,K-pop,One Last Time|one last time|Girls' Generation One Last Time|One Last Time Girls' Generation|onelasttime,甜酷|优雅|学院,练舞房|舞台|日常,短裙|针织|衬衫|浅色套装|发箍|玛丽珍,暗黑重金属|过度机能,,清爽女团舞台感，适合短裙或套装、针织/衬衫层次和精致发饰，在甜美与利落之间做平衡。,
girls-generation-sweet-talk,Sweet Talk,Girls' Generation,K-pop,Sweet Talk|sweet talk|Girls' Generation Sweet Talk|Sweet Talk Girls' Generation|sweettalk,甜酷|优雅|学院,练舞房|舞台|日常,短裙|针织|衬衫|浅色套装|发箍|玛丽珍,暗黑重金属|过度机能,,清爽女团舞台感，适合短裙或套装、针织/衬衫层次和精致发饰，在甜美与利落之间做平衡。,
girls-generation-love-is-bitter,Love Is Bitter,Girls' Generation,K-pop,Love Is Bitter|love is bitter|Girls' Generation Love Is Bitter|Love Is Bitter Girls' Generation|loveisbitter,甜酷|优雅|学院,练舞房|舞台|日常,短裙|针织|衬衫|浅色套装|发箍|玛丽珍,暗黑重金属|过度机能,,清爽女团舞台感，适合短裙或套装、针织/衬衫层次和精致发饰，在甜美与利落之间做平衡。,
girls-generation-fan,Fan,Girls' Generation,K-pop,Fan|fan|Girls' Generation Fan|Fan Girls' Generation,甜酷|优雅|学院,练舞房|舞台|日常,短裙|针织|衬衫|浅色套装|发箍|玛丽珍,暗黑重金属|过度机能,,清爽女团舞台感，适合短裙或套装、针织/衬衫层次和精致发饰，在甜美与利落之间做平衡。,
girls-generation-tts-twinkle,Twinkle,Girls' Generation-TTS,K-pop,Twinkle|twinkle|Girls' Generation-TTS Twinkle|Twinkle Girls' Generation-TTS,甜酷|优雅|学院,练舞房|舞台|日常,短裙|针织|衬衫|浅色套装|发箍|玛丽珍,暗黑重金属|过度机能,,清爽女团舞台感，适合短裙或套装、针织/衬衫层次和精致发饰，在甜美与利落之间做平衡。,
girls-generation-tts-baby-steps,Baby Steps,Girls' Generation-TTS,K-pop,Baby Steps|baby steps|Girls' Generation-TTS Baby Steps|Baby Steps Girls' Generation-TTS|babysteps,甜酷|优雅|学院,练舞房|舞台|日常,短裙|针织|衬衫|浅色套装|发箍|玛丽珍,暗黑重金属|过度机能,,清爽女团舞台感，适合短裙或套装、针织/衬衫层次和精致发饰，在甜美与利落之间做平衡。,
girls-generation-tts-omg,OMG,Girls' Generation-TTS,K-pop,OMG|omg|Girls' Generation-TTS OMG|OMG Girls' Generation-TTS,甜酷|优雅|学院,练舞房|舞台|日常,短裙|针织|衬衫|浅色套装|发箍|玛丽珍,暗黑重金属|过度机能,,清爽女团舞台感，适合短裙或套装、针织/衬衫层次和精致发饰，在甜美与利落之间做平衡。,
girls-generation-tts-library,Library,Girls' Generation-TTS,K-pop,Library|library|Girls' Generation-TTS Library|Library Girls' Generation-TTS,甜酷|优雅|学院,练舞房|舞台|日常,短裙|针织|衬衫|浅色套装|发箍|玛丽珍,暗黑重金属|过度机能,,清爽女团舞台感，适合短裙或套装、针织/衬衫层次和精致发饰，在甜美与利落之间做平衡。,
girls-generation-tts-goodbye-hello,"Goodbye, Hello",Girls' Generation-TTS,K-pop,"Goodbye, Hello|goodbye, hello|Girls' Generation-TTS Goodbye, Hello|Goodbye, Hello Girls' Generation-TTS|goodbye,hello",甜酷|优雅|学院,练舞房|舞台|日常,短裙|针织|衬衫|浅色套装|发箍|玛丽珍,暗黑重金属|过度机能,,清爽女团舞台感，适合短裙或套装、针织/衬衫层次和精致发饰，在甜美与利落之间做平衡。,
girls-generation-tts-love-sick,Love Sick,Girls' Generation-TTS,K-pop,Love Sick|love sick|Girls' Generation-TTS Love Sick|Love Sick Girls' Generation-TTS|lovesick,甜酷|优雅|学院,练舞房|舞台|日常,短裙|针织|衬衫|浅色套装|发箍|玛丽珍,暗黑重金属|过度机能,,清爽女团舞台感，适合短裙或套装、针织/衬衫层次和精致发饰，在甜美与利落之间做平衡。,
girls-generation-tts-checkmate,Checkmate,Girls' Generation-TTS,K-pop,Checkmate|checkmate|Girls' Generation-TTS Checkmate|Checkmate Girls' Generation-TTS,甜酷|优雅|学院,练舞房|舞台|日常,短裙|针织|衬衫|浅色套装|发箍|玛丽珍,暗黑重金属|过度机能,,清爽女团舞台感，适合短裙或套装、针织/衬衫层次和精致发饰，在甜美与利落之间做平衡。,
girls-generation-tts-holler,Holler,Girls' Generation-TTS,K-pop,Holler|holler|Girls' Generation-TTS Holler|Holler Girls' Generation-TTS,甜酷|优雅|学院,练舞房|舞台|日常,短裙|针织|衬衫|浅色套装|发箍|玛丽珍,暗黑重金属|过度机能,,清爽女团舞台感，适合短裙或套装、针织/衬衫层次和精致发饰，在甜美与利落之间做平衡。,
girls-generation-tts-adrenaline,Adrenaline,Girls' Generation-TTS,K-pop,Adrenaline|adrenaline|Girls' Generation-TTS Adrenaline|Adrenaline Girls' Generation-TTS,甜酷|优雅|学院,练舞房|舞台|日常,短裙|针织|衬衫|浅色套装|发箍|玛丽珍,暗黑重金属|过度机能,,清爽女团舞台感，适合短裙或套装、针织/衬衫层次和精致发饰，在甜美与利落之间做平衡。,
girls-generation-tts-whisper,Whisper,Girls' Generation-TTS,K-pop,Whisper|whisper|Girls' Generation-TTS Whisper|Whisper Girls' Generation-TTS,甜酷|优雅|学院,练舞房|舞台|日常,短裙|针织|衬衫|浅色套装|发箍|玛丽珍,暗黑重金属|过度机能,,清爽女团舞台感，适合短裙或套装、针织/衬衫层次和精致发饰，在甜美与利落之间做平衡。,
girls-generation-tts-only-u,Only U,Girls' Generation-TTS,K-pop,Only U|only u|Girls' Generation-TTS Only U|Only U Girls' Generation-TTS|onlyu,甜酷|优雅|学院,练舞房|舞台|日常,短裙|针织|衬衫|浅色套装|发箍|玛丽珍,暗黑重金属|过度机能,,清爽女团舞台感，适合短裙或套装、针织/衬衫层次和精致发饰，在甜美与利落之间做平衡。,
girls-generation-tts-stay,Stay,Girls' Generation-TTS,K-pop,Stay|stay|Girls' Generation-TTS Stay|Stay Girls' Generation-TTS,甜酷|优雅|学院,练舞房|舞台|日常,短裙|针织|衬衫|浅色套装|发箍|玛丽珍,暗黑重金属|过度机能,,清爽女团舞台感，适合短裙或套装、针织/衬衫层次和精致发饰，在甜美与利落之间做平衡。,
girls-generation-tts-merry-christmas,Merry Christmas,Girls' Generation-TTS,K-pop,Merry Christmas|merry christmas|Girls' Generation-TTS Merry Christmas|Merry Christmas Girls' Generation-TTS|merrychristmas,甜酷|优雅|学院,练舞房|舞台|日常,短裙|针织|衬衫|浅色套装|发箍|玛丽珍,暗黑重金属|过度机能,,清爽女团舞台感，适合短裙或套装、针织/衬衫层次和精致发饰，在甜美与利落之间做平衡。,
girls-generation-tts-dear-santa,Dear Santa,Girls' Generation-TTS,K-pop,Dear Santa|dear santa|Girls' Generation-TTS Dear Santa|Dear Santa Girls' Generation-TTS|dearsanta,甜酷|优雅|学院,练舞房|舞台|日常,短裙|针织|衬衫|浅色套装|发箍|玛丽珍,暗黑重金属|过度机能,,清爽女团舞台感，适合短裙或套装、针织/衬衫层次和精致发饰，在甜美与利落之间做平衡。,
girls-generation-tts-i-like-the-way,I Like the Way,Girls' Generation-TTS,K-pop,I Like the Way|i like the way|Girls' Generation-TTS I Like the Way|I Like the Way Girls' Generation-TTS|iliketheway,甜酷|优雅|学院,练舞房|舞台|日常,短裙|针织|衬衫|浅色套装|发箍|玛丽珍,暗黑重金属|过度机能,,清爽女团舞台感，适合短裙或套装、针织/衬衫层次和精致发饰，在甜美与利落之间做平衡。,
girls-generation-oh-gg-lil-touch,Lil' Touch,Girls' Generation-Oh!GG,K-pop,Lil' Touch|lil' touch|Girls' Generation-Oh!GG Lil' Touch|Lil' Touch Girls' Generation-Oh!GG|lil'touch,甜酷|优雅|学院,练舞房|舞台|日常,短裙|针织|衬衫|浅色套装|发箍|玛丽珍,暗黑重金属|过度机能,,清爽女团舞台感，适合短裙或套装、针织/衬衫层次和精致发饰，在甜美与利落之间做平衡。,
girls-generation-oh-gg-fermata,Fermata,Girls' Generation-Oh!GG,K-pop,Fermata|fermata|Girls' Generation-Oh!GG Fermata|Fermata Girls' Generation-Oh!GG,甜酷|优雅|学院,练舞房|舞台|日常,短裙|针织|衬衫|浅色套装|发箍|玛丽珍,暗黑重金属|过度机能,,清爽女团舞台感，适合短裙或套装、针织/衬衫层次和精致发饰，在甜美与利落之间做平衡。,
nmixx-o-o,O.O,NMIXX,K-pop,O.O|o.o|NMIXX O.O|O.O NMIXX,运动|甜酷|机能,练舞房|舞台|日常,运动背心|工装裙裤|短款夹克|球鞋|护腕|银色配饰,拖地长裙|高跟细跟,,偏练舞房和机能运动路线，适合运动背心、工装裙裤、短夹克和稳固球鞋，兼顾力量感与动作舒展。,
nmixx-tank,Tank,NMIXX,K-pop,Tank|tank|NMIXX Tank|Tank NMIXX,运动|甜酷|机能,练舞房|舞台|日常,运动背心|工装裙裤|短款夹克|球鞋|护腕|银色配饰,拖地长裙|高跟细跟,,偏练舞房和机能运动路线，适合运动背心、工装裙裤、短夹克和稳固球鞋，兼顾力量感与动作舒展。,
nmixx-dice,Dice,NMIXX,K-pop,Dice|dice|NMIXX Dice|Dice NMIXX,运动|甜酷|机能,练舞房|舞台|日常,运动背心|工装裙裤|短款夹克|球鞋|护腕|银色配饰,拖地长裙|高跟细跟,,偏练舞房和机能运动路线，适合运动背心、工装裙裤、短夹克和稳固球鞋，兼顾力量感与动作舒展。,
nmixx-cool-your-rainbow,Cool (Your Rainbow),NMIXX,K-pop,Cool (Your Rainbow)|cool (your rainbow)|NMIXX Cool (Your Rainbow)|Cool (Your Rainbow) NMIXX|cool(yourrainbow),运动|甜酷|机能,练舞房|舞台|日常,运动背心|工装裙裤|短款夹克|球鞋|护腕|银色配饰,拖地长裙|高跟细跟,,偏练舞房和机能运动路线，适合运动背心、工装裙裤、短夹克和稳固球鞋，兼顾力量感与动作舒展。,
nmixx-love-me-like-this,Love Me Like This,NMIXX,K-pop,Love Me Like This|love me like this|NMIXX Love Me Like This|Love Me Like This NMIXX|lovemelikethis,运动|甜酷|机能,练舞房|舞台|日常,运动背心|工装裙裤|短款夹克|球鞋|护腕|银色配饰,拖地长裙|高跟细跟,,偏练舞房和机能运动路线，适合运动背心、工装裙裤、短夹克和稳固球鞋，兼顾力量感与动作舒展。,
nmixx-young-dumb-stupid,"Young, Dumb, Stupid",NMIXX,K-pop,"Young, Dumb, Stupid|young, dumb, stupid|NMIXX Young, Dumb, Stupid|Young, Dumb, Stupid NMIXX|young,dumb,stupid",运动|甜酷|机能,练舞房|舞台|日常,运动背心|工装裙裤|短款夹克|球鞋|护腕|银色配饰,拖地长裙|高跟细跟,,偏练舞房和机能运动路线，适合运动背心、工装裙裤、短夹克和稳固球鞋，兼顾力量感与动作舒展。,
nmixx-paxxword,Paxxword,NMIXX,K-pop,Paxxword|paxxword|NMIXX Paxxword|Paxxword NMIXX,运动|甜酷|机能,练舞房|舞台|日常,运动背心|工装裙裤|短款夹克|球鞋|护腕|银色配饰,拖地长裙|高跟细跟,,偏练舞房和机能运动路线，适合运动背心、工装裙裤、短夹克和稳固球鞋，兼顾力量感与动作舒展。,
nmixx-just-did-it,Just Did It,NMIXX,K-pop,Just Did It|just did it|NMIXX Just Did It|Just Did It NMIXX|justdidit,运动|甜酷|机能,练舞房|舞台|日常,运动背心|工装裙裤|短款夹克|球鞋|护腕|银色配饰,拖地长裙|高跟细跟,,偏练舞房和机能运动路线，适合运动背心、工装裙裤、短夹克和稳固球鞋，兼顾力量感与动作舒展。,
nmixx-my-gosh,My Gosh,NMIXX,K-pop,My Gosh|my gosh|NMIXX My Gosh|My Gosh NMIXX|mygosh,运动|甜酷|机能,练舞房|舞台|日常,运动背心|工装裙裤|短款夹克|球鞋|护腕|银色配饰,拖地长裙|高跟细跟,,偏练舞房和机能运动路线，适合运动背心、工装裙裤、短夹克和稳固球鞋，兼顾力量感与动作舒展。,
nmixx-home,Home,NMIXX,K-pop,Home|home|NMIXX Home|Home NMIXX,运动|甜酷|机能,练舞房|舞台|日常,运动背心|工装裙裤|短款夹克|球鞋|护腕|银色配饰,拖地长裙|高跟细跟,,偏练舞房和机能运动路线，适合运动背心、工装裙裤、短夹克和稳固球鞋，兼顾力量感与动作舒展。,
nmixx-roller-coaster,Roller Coaster,NMIXX,K-pop,Roller Coaster|roller coaster|NMIXX Roller Coaster|Roller Coaster NMIXX|rollercoaster,运动|甜酷|机能,练舞房|舞台|日常,运动背心|工装裙裤|短款夹克|球鞋|护腕|银色配饰,拖地长裙|高跟细跟,,偏练舞房和机能运动路线，适合运动背心、工装裙裤、短夹克和稳固球鞋，兼顾力量感与动作舒展。,
nmixx-party-o-clock,Party O'Clock,NMIXX,K-pop,Party O'Clock|party o'clock|NMIXX Party O'Clock|Party O'Clock NMIXX|partyo'clock,运动|甜酷|机能,练舞房|舞台|日常,运动背心|工装裙裤|短款夹克|球鞋|护腕|银色配饰,拖地长裙|高跟细跟,,偏练舞房和机能运动路线，适合运动背心、工装裙裤、短夹克和稳固球鞋，兼顾力量感与动作舒展。,
nmixx-so-ar-breaker,Soñar (Breaker),NMIXX,K-pop,Soñar (Breaker)|soñar (breaker)|NMIXX Soñar (Breaker)|Soñar (Breaker) NMIXX|soñar(breaker),运动|甜酷|机能,练舞房|舞台|日常,运动背心|工装裙裤|短款夹克|球鞋|护腕|银色配饰,拖地长裙|高跟细跟,,偏练舞房和机能运动路线，适合运动背心、工装裙裤、短夹克和稳固球鞋，兼顾力量感与动作舒展。,
nmixx-dash,Dash,NMIXX,K-pop,Dash|dash|NMIXX Dash|Dash NMIXX,运动|甜酷|机能,练舞房|舞台|日常,运动背心|工装裙裤|短款夹克|球鞋|护腕|银色配饰,拖地长裙|高跟细跟,,偏练舞房和机能运动路线，适合运动背心、工装裙裤、短夹克和稳固球鞋，兼顾力量感与动作舒展。,
nmixx-run-for-roses,Run For Roses,NMIXX,K-pop,Run For Roses|run for roses|NMIXX Run For Roses|Run For Roses NMIXX|runforroses,运动|甜酷|机能,练舞房|舞台|日常,运动背心|工装裙裤|短款夹克|球鞋|护腕|银色配饰,拖地长裙|高跟细跟,,偏练舞房和机能运动路线，适合运动背心、工装裙裤、短夹克和稳固球鞋，兼顾力量感与动作舒展。,
nmixx-boom,Boom,NMIXX,K-pop,Boom|boom|NMIXX Boom|Boom NMIXX,运动|甜酷|机能,练舞房|舞台|日常,运动背心|工装裙裤|短款夹克|球鞋|护腕|银色配饰,拖地长裙|高跟细跟,,偏练舞房和机能运动路线，适合运动背心、工装裙裤、短夹克和稳固球鞋，兼顾力量感与动作舒展。,
nmixx-passionfruit,Passionfruit,NMIXX,K-pop,Passionfruit|passionfruit|NMIXX Passionfruit|Passionfruit NMIXX,运动|甜酷|机能,练舞房|舞台|日常,运动背心|工装裙裤|短款夹克|球鞋|护腕|银色配饰,拖地长裙|高跟细跟,,偏练舞房和机能运动路线，适合运动背心、工装裙裤、短夹克和稳固球鞋，兼顾力量感与动作舒展。,
nmixx-xoxo,XOXO,NMIXX,K-pop,XOXO|xoxo|NMIXX XOXO|XOXO NMIXX,运动|甜酷|机能,练舞房|舞台|日常,运动背心|工装裙裤|短款夹克|球鞋|护腕|银色配饰,拖地长裙|高跟细跟,,偏练舞房和机能运动路线，适合运动背心、工装裙裤、短夹克和稳固球鞋，兼顾力量感与动作舒展。,
nmixx-break-the-wall,Break The Wall,NMIXX,K-pop,Break The Wall|break the wall|NMIXX Break The Wall|Break The Wall NMIXX|breakthewall,运动|甜酷|机能,练舞房|舞台|日常,运动背心|工装裙裤|短款夹克|球鞋|护腕|银色配饰,拖地长裙|高跟细跟,,偏练舞房和机能运动路线，适合运动背心、工装裙裤、短夹克和稳固球鞋，兼顾力量感与动作舒展。,
nmixx-see-that,See That?,NMIXX,K-pop,See That?|see that?|NMIXX See That?|See That? NMIXX|seethat?,运动|甜酷|机能,练舞房|舞台|日常,运动背心|工装裙裤|短款夹克|球鞋|护腕|银色配饰,拖地长裙|高跟细跟,,偏练舞房和机能运动路线，适合运动背心、工装裙裤、短夹克和稳固球鞋，兼顾力量感与动作舒展。,
nmixx-sickuhh,Sickuhh,NMIXX,K-pop,Sickuhh|sickuhh|NMIXX Sickuhh|Sickuhh NMIXX,运动|甜酷|机能,练舞房|舞台|日常,运动背心|工装裙裤|短款夹克|球鞋|护腕|银色配饰,拖地长裙|高跟细跟,,偏练舞房和机能运动路线，适合运动背心、工装裙裤、短夹克和稳固球鞋，兼顾力量感与动作舒展。,
nmixx-red-light-sign-but-we-go,"Red Light Sign, But We Go",NMIXX,K-pop,"Red Light Sign, But We Go|red light sign, but we go|NMIXX Red Light Sign, But We Go|Red Light Sign, But We Go NMIXX|redlightsign,butwego",运动|甜酷|机能,练舞房|舞台|日常,运动背心|工装裙裤|短款夹克|球鞋|护腕|银色配饰,拖地长裙|高跟细跟,,偏练舞房和机能运动路线，适合运动背心、工装裙裤、短夹克和稳固球鞋，兼顾力量感与动作舒展。,
nmixx-beat-beat,Beat Beat,NMIXX,K-pop,Beat Beat|beat beat|NMIXX Beat Beat|Beat Beat NMIXX|beatbeat,运动|甜酷|机能,练舞房|舞台|日常,运动背心|工装裙裤|短款夹克|球鞋|护腕|银色配饰,拖地长裙|高跟细跟,,偏练舞房和机能运动路线，适合运动背心、工装裙裤、短夹克和稳固球鞋，兼顾力量感与动作舒展。,
nmixx-moving-on,Moving On,NMIXX,K-pop,Moving On|moving on|NMIXX Moving On|Moving On NMIXX|movingon,运动|甜酷|机能,练舞房|舞台|日常,运动背心|工装裙裤|短款夹克|球鞋|护腕|银色配饰,拖地长裙|高跟细跟,,偏练舞房和机能运动路线，适合运动背心、工装裙裤、短夹克和稳固球鞋，兼顾力量感与动作舒展。,
nmixx-love-is-lonely,Love Is Lonely,NMIXX,K-pop,Love Is Lonely|love is lonely|NMIXX Love Is Lonely|Love Is Lonely NMIXX|loveislonely,运动|甜酷|机能,练舞房|舞台|日常,运动背心|工装裙裤|短款夹克|球鞋|护腕|银色配饰,拖地长裙|高跟细跟,,偏练舞房和机能运动路线，适合运动背心、工装裙裤、短夹克和稳固球鞋，兼顾力量感与动作舒展。,
stayc-so-bad,So Bad,STAYC,K-pop,So Bad|so bad|STAYC So Bad|So Bad STAYC|sobad,元气|甜酷|Y2K,练舞房|舞台|日常,彩色短上衣|百褶裙|牛仔|运动鞋|发夹|棒球帽,沉闷全黑|厚重长外套,,元气甜酷和 Y2K 少女感更适配，推荐彩色短上衣、牛仔/百褶短裙、运动鞋和发夹，跳起来轻快出片。,
stayc-like-this,Like This,STAYC,K-pop,Like This|like this|STAYC Like This|Like This STAYC|likethis,元气|甜酷|Y2K,练舞房|舞台|日常,彩色短上衣|百褶裙|牛仔|运动鞋|发夹|棒球帽,沉闷全黑|厚重长外套,,元气甜酷和 Y2K 少女感更适配，推荐彩色短上衣、牛仔/百褶短裙、运动鞋和发夹，跳起来轻快出片。,
stayc-asap,ASAP,STAYC,K-pop,ASAP|asap|STAYC ASAP|ASAP STAYC,元气|甜酷|Y2K,练舞房|舞台|日常,彩色短上衣|百褶裙|牛仔|运动鞋|发夹|棒球帽,沉闷全黑|厚重长外套,,元气甜酷和 Y2K 少女感更适配，推荐彩色短上衣、牛仔/百褶短裙、运动鞋和发夹，跳起来轻快出片。,
stayc-so-what,So What,STAYC,K-pop,So What|so what|STAYC So What|So What STAYC|sowhat,元气|甜酷|Y2K,练舞房|舞台|日常,彩色短上衣|百褶裙|牛仔|运动鞋|发夹|棒球帽,沉闷全黑|厚重长外套,,元气甜酷和 Y2K 少女感更适配，推荐彩色短上衣、牛仔/百褶短裙、运动鞋和发夹，跳起来轻快出片。,
stayc-love-fool,Love Fool,STAYC,K-pop,Love Fool|love fool|STAYC Love Fool|Love Fool STAYC|lovefool,元气|甜酷|Y2K,练舞房|舞台|日常,彩色短上衣|百褶裙|牛仔|运动鞋|发夹|棒球帽,沉闷全黑|厚重长外套,,元气甜酷和 Y2K 少女感更适配，推荐彩色短上衣、牛仔/百褶短裙、运动鞋和发夹，跳起来轻快出片。,
stayc-stereotype,Stereotype,STAYC,K-pop,Stereotype|stereotype|STAYC Stereotype|Stereotype STAYC,元气|甜酷|Y2K,练舞房|舞台|日常,彩色短上衣|百褶裙|牛仔|运动鞋|发夹|棒球帽,沉闷全黑|厚重长外套,,元气甜酷和 Y2K 少女感更适配，推荐彩色短上衣、牛仔/百褶短裙、运动鞋和发夹，跳起来轻快出片。,
stayc-i-ll-be-there,I'll Be There,STAYC,K-pop,I'll Be There|i'll be there|STAYC I'll Be There|I'll Be There STAYC|i'llbethere,元气|甜酷|Y2K,练舞房|舞台|日常,彩色短上衣|百褶裙|牛仔|运动鞋|发夹|棒球帽,沉闷全黑|厚重长外套,,元气甜酷和 Y2K 少女感更适配，推荐彩色短上衣、牛仔/百褶短裙、运动鞋和发夹，跳起来轻快出片。,
stayc-slow-down,Slow Down,STAYC,K-pop,Slow Down|slow down|STAYC Slow Down|Slow Down STAYC|slowdown,元气|甜酷|Y2K,练舞房|舞台|日常,彩色短上衣|百褶裙|牛仔|运动鞋|发夹|棒球帽,沉闷全黑|厚重长外套,,元气甜酷和 Y2K 少女感更适配，推荐彩色短上衣、牛仔/百褶短裙、运动鞋和发夹，跳起来轻快出片。,
stayc-complex,Complex,STAYC,K-pop,Complex|complex|STAYC Complex|Complex STAYC,元气|甜酷|Y2K,练舞房|舞台|日常,彩色短上衣|百褶裙|牛仔|运动鞋|发夹|棒球帽,沉闷全黑|厚重长外套,,元气甜酷和 Y2K 少女感更适配，推荐彩色短上衣、牛仔/百褶短裙、运动鞋和发夹，跳起来轻快出片。,
stayc-run2u,Run2U,STAYC,K-pop,Run2U|run2u|STAYC Run2U|Run2U STAYC,元气|甜酷|Y2K,练舞房|舞台|日常,彩色短上衣|百褶裙|牛仔|运动鞋|发夹|棒球帽,沉闷全黑|厚重长外套,,元气甜酷和 Y2K 少女感更适配，推荐彩色短上衣、牛仔/百褶短裙、运动鞋和发夹，跳起来轻快出片。,
stayc-same-same,Same Same,STAYC,K-pop,Same Same|same same|STAYC Same Same|Same Same STAYC|samesame,元气|甜酷|Y2K,练舞房|舞台|日常,彩色短上衣|百褶裙|牛仔|运动鞋|发夹|棒球帽,沉闷全黑|厚重长外套,,元气甜酷和 Y2K 少女感更适配，推荐彩色短上衣、牛仔/百褶短裙、运动鞋和发夹，跳起来轻快出片。,
stayc-247,247,STAYC,K-pop,247|STAYC 247|247 STAYC,元气|甜酷|Y2K,练舞房|舞台|日常,彩色短上衣|百褶裙|牛仔|运动鞋|发夹|棒球帽,沉闷全黑|厚重长外套,,元气甜酷和 Y2K 少女感更适配，推荐彩色短上衣、牛仔/百褶短裙、运动鞋和发夹，跳起来轻快出片。,
stayc-young-luv,Young Luv,STAYC,K-pop,Young Luv|young luv|STAYC Young Luv|Young Luv STAYC|youngluv,元气|甜酷|Y2K,练舞房|舞台|日常,彩色短上衣|百褶裙|牛仔|运动鞋|发夹|棒球帽,沉闷全黑|厚重长外套,,元气甜酷和 Y2K 少女感更适配，推荐彩色短上衣、牛仔/百褶短裙、运动鞋和发夹，跳起来轻快出片。,
stayc-butterfly,Butterfly,STAYC,K-pop,Butterfly|butterfly|STAYC Butterfly|Butterfly STAYC,元气|甜酷|Y2K,练舞房|舞台|日常,彩色短上衣|百褶裙|牛仔|运动鞋|发夹|棒球帽,沉闷全黑|厚重长外套,,元气甜酷和 Y2K 少女感更适配，推荐彩色短上衣、牛仔/百褶短裙、运动鞋和发夹，跳起来轻快出片。,
stayc-i-want-u-baby,I Want U Baby,STAYC,K-pop,I Want U Baby|i want u baby|STAYC I Want U Baby|I Want U Baby STAYC|iwantubaby,元气|甜酷|Y2K,练舞房|舞台|日常,彩色短上衣|百褶裙|牛仔|运动鞋|发夹|棒球帽,沉闷全黑|厚重长外套,,元气甜酷和 Y2K 少女感更适配，推荐彩色短上衣、牛仔/百褶短裙、运动鞋和发夹，跳起来轻快出片。,
stayc-beautiful-monster,Beautiful Monster,STAYC,K-pop,Beautiful Monster|beautiful monster|STAYC Beautiful Monster|Beautiful Monster STAYC|beautifulmonster,元气|甜酷|Y2K,练舞房|舞台|日常,彩色短上衣|百褶裙|牛仔|运动鞋|发夹|棒球帽,沉闷全黑|厚重长外套,,元气甜酷和 Y2K 少女感更适配，推荐彩色短上衣、牛仔/百褶短裙、运动鞋和发夹，跳起来轻快出片。,
stayc-i-like-it,I Like It,STAYC,K-pop,I Like It|i like it|STAYC I Like It|I Like It STAYC|ilikeit,元气|甜酷|Y2K,练舞房|舞台|日常,彩色短上衣|百褶裙|牛仔|运动鞋|发夹|棒球帽,沉闷全黑|厚重长外套,,元气甜酷和 Y2K 少女感更适配，推荐彩色短上衣、牛仔/百褶短裙、运动鞋和发夹，跳起来轻快出片。,
stayc-poppy,Poppy,STAYC,K-pop,Poppy|poppy|STAYC Poppy|Poppy STAYC,元气|甜酷|Y2K,练舞房|舞台|日常,彩色短上衣|百褶裙|牛仔|运动鞋|发夹|棒球帽,沉闷全黑|厚重长外套,,元气甜酷和 Y2K 少女感更适配，推荐彩色短上衣、牛仔/百褶短裙、运动鞋和发夹，跳起来轻快出片。,
stayc-teddy-bear,Teddy Bear,STAYC,K-pop,Teddy Bear|teddy bear|STAYC Teddy Bear|Teddy Bear STAYC|teddybear,元气|甜酷|Y2K,练舞房|舞台|日常,彩色短上衣|百褶裙|牛仔|运动鞋|发夹|棒球帽,沉闷全黑|厚重长外套,,元气甜酷和 Y2K 少女感更适配，推荐彩色短上衣、牛仔/百褶短裙、运动鞋和发夹，跳起来轻快出片。,
stayc-bubble,Bubble,STAYC,K-pop,Bubble|bubble|STAYC Bubble|Bubble STAYC,元气|甜酷|Y2K,练舞房|舞台|日常,彩色短上衣|百褶裙|牛仔|运动鞋|发夹|棒球帽,沉闷全黑|厚重长外套,,元气甜酷和 Y2K 少女感更适配，推荐彩色短上衣、牛仔/百褶短裙、运动鞋和发夹，跳起来轻快出片。,
stayc-not-like-you,Not Like You,STAYC,K-pop,Not Like You|not like you|STAYC Not Like You|Not Like You STAYC|notlikeyou,元气|甜酷|Y2K,练舞房|舞台|日常,彩色短上衣|百褶裙|牛仔|运动鞋|发夹|棒球帽,沉闷全黑|厚重长外套,,元气甜酷和 Y2K 少女感更适配，推荐彩色短上衣、牛仔/百褶短裙、运动鞋和发夹，跳起来轻快出片。,
stayc-i-wanna-do,I Wanna Do,STAYC,K-pop,I Wanna Do|i wanna do|STAYC I Wanna Do|I Wanna Do STAYC|iwannado,元气|甜酷|Y2K,练舞房|舞台|日常,彩色短上衣|百褶裙|牛仔|运动鞋|发夹|棒球帽,沉闷全黑|厚重长外套,,元气甜酷和 Y2K 少女感更适配，推荐彩色短上衣、牛仔/百褶短裙、运动鞋和发夹，跳起来轻快出片。,
stayc-be-mine,Be Mine,STAYC,K-pop,Be Mine|be mine|STAYC Be Mine|Be Mine STAYC|bemine,元气|甜酷|Y2K,练舞房|舞台|日常,彩色短上衣|百褶裙|牛仔|运动鞋|发夹|棒球帽,沉闷全黑|厚重长外套,,元气甜酷和 Y2K 少女感更适配，推荐彩色短上衣、牛仔/百褶短裙、运动鞋和发夹，跳起来轻快出片。,
stayc-lit,Lit,STAYC,K-pop,Lit|lit|STAYC Lit|Lit STAYC,元气|甜酷|Y2K,练舞房|舞台|日常,彩色短上衣|百褶裙|牛仔|运动鞋|发夹|棒球帽,沉闷全黑|厚重长外套,,元气甜酷和 Y2K 少女感更适配，推荐彩色短上衣、牛仔/百褶短裙、运动鞋和发夹，跳起来轻快出片。,
stayc-cheeky-icy-thang,Cheeky Icy Thang,STAYC,K-pop,Cheeky Icy Thang|cheeky icy thang|STAYC Cheeky Icy Thang|Cheeky Icy Thang STAYC|cheekyicythang,元气|甜酷|Y2K,练舞房|舞台|日常,彩色短上衣|百褶裙|牛仔|运动鞋|发夹|棒球帽,沉闷全黑|厚重长外套,,元气甜酷和 Y2K 少女感更适配，推荐彩色短上衣、牛仔/百褶短裙、运动鞋和发夹，跳起来轻快出片。,
stayc-1-thing,1 Thing,STAYC,K-pop,1 Thing|1 thing|STAYC 1 Thing|1 Thing STAYC|1thing,元气|甜酷|Y2K,练舞房|舞台|日常,彩色短上衣|百褶裙|牛仔|运动鞋|发夹|棒球帽,沉闷全黑|厚重长外套,,元气甜酷和 Y2K 少女感更适配，推荐彩色短上衣、牛仔/百褶短裙、运动鞋和发夹，跳起来轻快出片。,
stayc-give-it-2-me,Give It 2 Me,STAYC,K-pop,Give It 2 Me|give it 2 me|STAYC Give It 2 Me|Give It 2 Me STAYC|giveit2me,元气|甜酷|Y2K,练舞房|舞台|日常,彩色短上衣|百褶裙|牛仔|运动鞋|发夹|棒球帽,沉闷全黑|厚重长外套,,元气甜酷和 Y2K 少女感更适配，推荐彩色短上衣、牛仔/百褶短裙、运动鞋和发夹，跳起来轻快出片。,
stayc-let-me-know,Let Me Know,STAYC,K-pop,Let Me Know|let me know|STAYC Let Me Know|Let Me Know STAYC|letmeknow,元气|甜酷|Y2K,练舞房|舞台|日常,彩色短上衣|百褶裙|牛仔|运动鞋|发夹|棒球帽,沉闷全黑|厚重长外套,,元气甜酷和 Y2K 少女感更适配，推荐彩色短上衣、牛仔/百褶短裙、运动鞋和发夹，跳起来轻快出片。,
stayc-nada,Nada,STAYC,K-pop,Nada|nada|STAYC Nada|Nada STAYC,元气|甜酷|Y2K,练舞房|舞台|日常,彩色短上衣|百褶裙|牛仔|运动鞋|发夹|棒球帽,沉闷全黑|厚重长外套,,元气甜酷和 Y2K 少女感更适配，推荐彩色短上衣、牛仔/百褶短裙、运动鞋和发夹，跳起来轻快出片。,
stayc-fakin,Fakin',STAYC,K-pop,Fakin'|fakin'|STAYC Fakin'|Fakin' STAYC,元气|甜酷|Y2K,练舞房|舞台|日常,彩色短上衣|百褶裙|牛仔|运动鞋|发夹|棒球帽,沉闷全黑|厚重长外套,,元气甜酷和 Y2K 少女感更适配，推荐彩色短上衣、牛仔/百褶短裙、运动鞋和发夹，跳起来轻快出片。,
mamamoo-mr-ambiguous,Mr. Ambiguous,MAMAMOO,K-pop,Mr. Ambiguous|mr. ambiguous|MAMAMOO Mr. Ambiguous|Mr. Ambiguous MAMAMOO|mr.ambiguous,性感|成熟|强势,练舞房|舞台|日常,修身上衣|皮裙|西装短裤|长靴|腰链|红黑配色,幼态可爱|学院蝴蝶结,,成熟舞台和强势线条更突出，适合修身上衣、皮裙或西装短裤、长靴和腰链，增强身体线条与舞台存在感。,
mamamoo-piano-man,Piano Man,MAMAMOO,K-pop,Piano Man|piano man|MAMAMOO Piano Man|Piano Man MAMAMOO|pianoman,性感|成熟|强势,练舞房|舞台|日常,修身上衣|皮裙|西装短裤|长靴|腰链|红黑配色,幼态可爱|学院蝴蝶结,,成熟舞台和强势线条更突出，适合修身上衣、皮裙或西装短裤、长靴和腰链，增强身体线条与舞台存在感。,
mamamoo-um-oh-ah-yeh,Um Oh Ah Yeh,MAMAMOO,K-pop,Um Oh Ah Yeh|um oh ah yeh|MAMAMOO Um Oh Ah Yeh|Um Oh Ah Yeh MAMAMOO|umohahyeh,性感|成熟|强势,练舞房|舞台|日常,修身上衣|皮裙|西装短裤|长靴|腰链|红黑配色,幼态可爱|学院蝴蝶结,,成熟舞台和强势线条更突出，适合修身上衣、皮裙或西装短裤、长靴和腰链，增强身体线条与舞台存在感。,
mamamoo-you-re-the-best,You're the Best,MAMAMOO,K-pop,You're the Best|you're the best|MAMAMOO You're the Best|You're the Best MAMAMOO|you'rethebest,性感|成熟|强势,练舞房|舞台|日常,修身上衣|皮裙|西装短裤|长靴|腰链|红黑配色,幼态可爱|学院蝴蝶结,,成熟舞台和强势线条更突出，适合修身上衣、皮裙或西装短裤、长靴和腰链，增强身体线条与舞台存在感。,
mamamoo-d-calcomanie,Décalcomanie,MAMAMOO,K-pop,Décalcomanie|décalcomanie|MAMAMOO Décalcomanie|Décalcomanie MAMAMOO,性感|成熟|强势,练舞房|舞台|日常,修身上衣|皮裙|西装短裤|长靴|腰链|红黑配色,幼态可爱|学院蝴蝶结,,成熟舞台和强势线条更突出，适合修身上衣、皮裙或西装短裤、长靴和腰链，增强身体线条与舞台存在感。,
mamamoo-yes-i-am,Yes I Am,MAMAMOO,K-pop,Yes I Am|yes i am|MAMAMOO Yes I Am|Yes I Am MAMAMOO|yesiam,性感|成熟|强势,练舞房|舞台|日常,修身上衣|皮裙|西装短裤|长靴|腰链|红黑配色,幼态可爱|学院蝴蝶结,,成熟舞台和强势线条更突出，适合修身上衣、皮裙或西装短裤、长靴和腰链，增强身体线条与舞台存在感。,
mamamoo-paint-me,Paint Me,MAMAMOO,K-pop,Paint Me|paint me|MAMAMOO Paint Me|Paint Me MAMAMOO|paintme,性感|成熟|强势,练舞房|舞台|日常,修身上衣|皮裙|西装短裤|长靴|腰链|红黑配色,幼态可爱|学院蝴蝶结,,成熟舞台和强势线条更突出，适合修身上衣、皮裙或西装短裤、长靴和腰链，增强身体线条与舞台存在感。,
mamamoo-starry-night,Starry Night,MAMAMOO,K-pop,Starry Night|starry night|MAMAMOO Starry Night|Starry Night MAMAMOO|starrynight,性感|成熟|强势,练舞房|舞台|日常,修身上衣|皮裙|西装短裤|长靴|腰链|红黑配色,幼态可爱|学院蝴蝶结,,成熟舞台和强势线条更突出，适合修身上衣、皮裙或西装短裤、长靴和腰链，增强身体线条与舞台存在感。,
mamamoo-egotistic,Egotistic,MAMAMOO,K-pop,Egotistic|egotistic|MAMAMOO Egotistic|Egotistic MAMAMOO,性感|成熟|强势,练舞房|舞台|日常,修身上衣|皮裙|西装短裤|长靴|腰链|红黑配色,幼态可爱|学院蝴蝶结,,成熟舞台和强势线条更突出，适合修身上衣、皮裙或西装短裤、长靴和腰链，增强身体线条与舞台存在感。,
mamamoo-wind-flower,Wind Flower,MAMAMOO,K-pop,Wind Flower|wind flower|MAMAMOO Wind Flower|Wind Flower MAMAMOO|windflower,性感|成熟|强势,练舞房|舞台|日常,修身上衣|皮裙|西装短裤|长靴|腰链|红黑配色,幼态可爱|学院蝴蝶结,,成熟舞台和强势线条更突出，适合修身上衣、皮裙或西装短裤、长靴和腰链，增强身体线条与舞台存在感。,
mamamoo-gogobebe,Gogobebe,MAMAMOO,K-pop,Gogobebe|gogobebe|MAMAMOO Gogobebe|Gogobebe MAMAMOO,性感|成熟|强势,练舞房|舞台|日常,修身上衣|皮裙|西装短裤|长靴|腰链|红黑配色,幼态可爱|学院蝴蝶结,,成熟舞台和强势线条更突出，适合修身上衣、皮裙或西装短裤、长靴和腰链，增强身体线条与舞台存在感。,
mamamoo-hip,Hip,MAMAMOO,K-pop,Hip|hip|MAMAMOO Hip|Hip MAMAMOO,性感|成熟|强势,练舞房|舞台|日常,修身上衣|皮裙|西装短裤|长靴|腰链|红黑配色,幼态可爱|学院蝴蝶结,,成熟舞台和强势线条更突出，适合修身上衣、皮裙或西装短裤、长靴和腰链，增强身体线条与舞台存在感。,
mamamoo-dingga,Dingga,MAMAMOO,K-pop,Dingga|dingga|MAMAMOO Dingga|Dingga MAMAMOO,性感|成熟|强势,练舞房|舞台|日常,修身上衣|皮裙|西装短裤|长靴|腰链|红黑配色,幼态可爱|学院蝴蝶结,,成熟舞台和强势线条更突出，适合修身上衣、皮裙或西装短裤、长靴和腰链，增强身体线条与舞台存在感。,
mamamoo-aya,Aya,MAMAMOO,K-pop,Aya|aya|MAMAMOO Aya|Aya MAMAMOO,性感|成熟|强势,练舞房|舞台|日常,修身上衣|皮裙|西装短裤|长靴|腰链|红黑配色,幼态可爱|学院蝴蝶结,,成熟舞台和强势线条更突出，适合修身上衣、皮裙或西装短裤、长靴和腰链，增强身体线条与舞台存在感。,
mamamoo-where-are-we-now,Where Are We Now,MAMAMOO,K-pop,Where Are We Now|where are we now|MAMAMOO Where Are We Now|Where Are We Now MAMAMOO|wherearewenow,性感|成熟|强势,练舞房|舞台|日常,修身上衣|皮裙|西装短裤|长靴|腰链|红黑配色,幼态可爱|学院蝴蝶结,,成熟舞台和强势线条更突出，适合修身上衣、皮裙或西装短裤、长靴和腰链，增强身体线条与舞台存在感。,
